-- http://prntscr.com/pjogqb


INSERT INTO `media_types` (`id`, `name`, `created_at`, `updated_at`) VALUES ('1', 'rerum', '1986-03-19 09:44:44', '1986-08-16 19:03:40');
INSERT INTO `media_types` (`id`, `name`, `created_at`, `updated_at`) VALUES ('2', 'eum', '1987-07-30 13:55:25', '2003-12-29 03:11:37');
INSERT INTO `media_types` (`id`, `name`, `created_at`, `updated_at`) VALUES ('3', 'sint', '1980-05-26 09:17:09', '2005-08-12 19:23:07');
INSERT INTO `media_types` (`id`, `name`, `created_at`, `updated_at`) VALUES ('4', 'molestias', '2013-04-19 03:19:58', '1981-07-01 09:21:12');
INSERT INTO `media_types` (`id`, `name`, `created_at`, `updated_at`) VALUES ('5', 'enim', '2013-12-23 23:26:44', '1986-04-15 08:52:37');
INSERT INTO `media_types` (`id`, `name`, `created_at`, `updated_at`) VALUES ('6', 'porro', '1978-03-11 02:08:16', '1995-11-02 13:10:28');
INSERT INTO `media_types` (`id`, `name`, `created_at`, `updated_at`) VALUES ('7', 'quae', '2015-02-27 15:25:59', '1985-12-30 06:13:31');
INSERT INTO `media_types` (`id`, `name`, `created_at`, `updated_at`) VALUES ('8', 'repudiandae', '2014-08-28 05:18:23', '2011-05-13 02:34:13');
INSERT INTO `media_types` (`id`, `name`, `created_at`, `updated_at`) VALUES ('9', 'perferendis', '1997-08-24 18:14:43', '2004-03-14 07:35:33');
INSERT INTO `media_types` (`id`, `name`, `created_at`, `updated_at`) VALUES ('10', 'ea', '2010-05-28 10:54:57', '2002-02-22 06:33:48');
INSERT INTO `media_types` (`id`, `name`, `created_at`, `updated_at`) VALUES ('11', 'omnis', '2003-04-01 17:53:49', '2014-07-15 12:12:48');
INSERT INTO `media_types` (`id`, `name`, `created_at`, `updated_at`) VALUES ('12', 'a', '1992-02-11 14:07:05', '2007-05-21 05:12:32');
INSERT INTO `media_types` (`id`, `name`, `created_at`, `updated_at`) VALUES ('13', 'placeat', '2001-05-14 09:02:31', '1980-06-13 07:50:55');
INSERT INTO `media_types` (`id`, `name`, `created_at`, `updated_at`) VALUES ('14', 'incidunt', '2006-08-29 09:34:48', '2014-12-08 01:53:30');
INSERT INTO `media_types` (`id`, `name`, `created_at`, `updated_at`) VALUES ('15', 'nobis', '2010-01-15 06:40:21', '2009-12-31 04:44:40');
INSERT INTO `media_types` (`id`, `name`, `created_at`, `updated_at`) VALUES ('16', 'nesciunt', '2018-04-19 04:44:27', '1983-12-03 17:12:06');
INSERT INTO `media_types` (`id`, `name`, `created_at`, `updated_at`) VALUES ('17', 'tenetur', '2001-10-03 08:56:16', '2000-04-28 06:23:18');
INSERT INTO `media_types` (`id`, `name`, `created_at`, `updated_at`) VALUES ('18', 'maiores', '1984-06-28 18:56:51', '1974-10-03 00:19:42');
INSERT INTO `media_types` (`id`, `name`, `created_at`, `updated_at`) VALUES ('19', 'praesentium', '1994-07-30 02:39:43', '2007-04-24 16:29:29');
INSERT INTO `media_types` (`id`, `name`, `created_at`, `updated_at`) VALUES ('20', 'ipsa', '1996-06-04 00:20:24', '1986-07-11 12:08:15');
INSERT INTO `media_types` (`id`, `name`, `created_at`, `updated_at`) VALUES ('21', 'voluptate', '1973-06-01 06:06:01', '2000-10-29 18:55:50');
INSERT INTO `media_types` (`id`, `name`, `created_at`, `updated_at`) VALUES ('22', 'mollitia', '1979-02-04 12:12:40', '2000-08-31 04:39:09');
INSERT INTO `media_types` (`id`, `name`, `created_at`, `updated_at`) VALUES ('23', 'velit', '1975-01-26 04:01:51', '1972-06-24 19:06:12');
INSERT INTO `media_types` (`id`, `name`, `created_at`, `updated_at`) VALUES ('24', 'tempore', '2014-01-09 20:23:00', '1992-08-23 08:47:11');
INSERT INTO `media_types` (`id`, `name`, `created_at`, `updated_at`) VALUES ('25', 'magni', '1984-05-25 13:29:06', '1993-01-06 09:09:58');
INSERT INTO `media_types` (`id`, `name`, `created_at`, `updated_at`) VALUES ('26', 'autem', '1980-09-04 10:50:26', '1992-05-02 09:17:50');
INSERT INTO `media_types` (`id`, `name`, `created_at`, `updated_at`) VALUES ('27', 'necessitatibus', '2019-02-27 11:37:08', '2007-02-17 18:17:14');
INSERT INTO `media_types` (`id`, `name`, `created_at`, `updated_at`) VALUES ('28', 'similique', '1970-05-20 14:15:45', '2000-03-17 14:20:53');
INSERT INTO `media_types` (`id`, `name`, `created_at`, `updated_at`) VALUES ('29', 'sunt', '1978-05-19 22:25:54', '1999-08-07 00:58:22');
INSERT INTO `media_types` (`id`, `name`, `created_at`, `updated_at`) VALUES ('30', 'ut', '1980-11-13 07:30:22', '1985-12-22 14:55:44');
INSERT INTO `media_types` (`id`, `name`, `created_at`, `updated_at`) VALUES ('31', 'molestiae', '2014-11-27 08:55:36', '1984-02-10 01:27:44');
INSERT INTO `media_types` (`id`, `name`, `created_at`, `updated_at`) VALUES ('32', 'consectetur', '1976-12-30 20:53:43', '2017-09-03 19:20:42');
INSERT INTO `media_types` (`id`, `name`, `created_at`, `updated_at`) VALUES ('33', 'corporis', '1999-02-05 18:03:58', '1972-12-25 09:00:41');
INSERT INTO `media_types` (`id`, `name`, `created_at`, `updated_at`) VALUES ('34', 'ut', '1978-06-25 22:28:42', '1988-02-29 00:59:21');
INSERT INTO `media_types` (`id`, `name`, `created_at`, `updated_at`) VALUES ('35', 'ut', '1992-02-08 04:38:38', '1979-01-21 10:16:11');
INSERT INTO `media_types` (`id`, `name`, `created_at`, `updated_at`) VALUES ('36', 'tempore', '2016-10-27 17:11:19', '1975-02-25 00:59:49');
INSERT INTO `media_types` (`id`, `name`, `created_at`, `updated_at`) VALUES ('37', 'sed', '2006-06-03 02:58:54', '2019-08-04 04:02:06');
INSERT INTO `media_types` (`id`, `name`, `created_at`, `updated_at`) VALUES ('38', 'rem', '2013-06-17 14:53:57', '1970-05-20 11:31:03');
INSERT INTO `media_types` (`id`, `name`, `created_at`, `updated_at`) VALUES ('39', 'at', '1986-11-22 07:30:46', '2015-10-03 02:52:52');
INSERT INTO `media_types` (`id`, `name`, `created_at`, `updated_at`) VALUES ('40', 'enim', '2009-04-29 05:14:34', '1987-06-30 14:44:45');
INSERT INTO `media_types` (`id`, `name`, `created_at`, `updated_at`) VALUES ('41', 'in', '2001-09-28 15:47:42', '1990-06-08 11:16:22');
INSERT INTO `media_types` (`id`, `name`, `created_at`, `updated_at`) VALUES ('42', 'reprehenderit', '2005-04-11 22:01:58', '1990-10-12 17:45:22');
INSERT INTO `media_types` (`id`, `name`, `created_at`, `updated_at`) VALUES ('43', 'explicabo', '2003-12-14 07:34:49', '1973-10-11 07:45:21');
INSERT INTO `media_types` (`id`, `name`, `created_at`, `updated_at`) VALUES ('44', 'unde', '2015-08-24 22:58:35', '1995-07-13 17:56:44');
INSERT INTO `media_types` (`id`, `name`, `created_at`, `updated_at`) VALUES ('45', 'ratione', '2009-05-21 15:55:49', '1970-06-03 10:24:04');
INSERT INTO `media_types` (`id`, `name`, `created_at`, `updated_at`) VALUES ('46', 'atque', '1972-08-17 22:27:10', '1970-10-03 20:58:45');
INSERT INTO `media_types` (`id`, `name`, `created_at`, `updated_at`) VALUES ('47', 'a', '2016-04-28 01:31:36', '1980-01-16 21:53:19');
INSERT INTO `media_types` (`id`, `name`, `created_at`, `updated_at`) VALUES ('48', 'aspernatur', '1994-07-22 03:36:14', '1988-02-25 11:26:10');
INSERT INTO `media_types` (`id`, `name`, `created_at`, `updated_at`) VALUES ('49', 'ullam', '1988-11-29 09:53:19', '2014-07-08 04:26:35');
INSERT INTO `media_types` (`id`, `name`, `created_at`, `updated_at`) VALUES ('50', 'est', '1975-06-14 12:26:32', '1986-11-21 13:37:48');
INSERT INTO `media_types` (`id`, `name`, `created_at`, `updated_at`) VALUES ('51', 'aut', '2012-12-30 00:56:25', '2015-11-02 03:56:53');
INSERT INTO `media_types` (`id`, `name`, `created_at`, `updated_at`) VALUES ('52', 'asperiores', '2000-10-08 05:55:30', '1984-07-10 12:21:41');
INSERT INTO `media_types` (`id`, `name`, `created_at`, `updated_at`) VALUES ('53', 'sint', '2010-07-18 05:34:49', '1990-06-14 09:10:52');
INSERT INTO `media_types` (`id`, `name`, `created_at`, `updated_at`) VALUES ('54', 'vel', '1979-10-24 07:39:07', '1986-02-22 07:53:42');
INSERT INTO `media_types` (`id`, `name`, `created_at`, `updated_at`) VALUES ('55', 'quas', '1982-11-19 07:33:48', '2008-12-26 18:57:29');
INSERT INTO `media_types` (`id`, `name`, `created_at`, `updated_at`) VALUES ('56', 'qui', '2017-10-21 11:02:26', '1972-07-04 07:01:07');
INSERT INTO `media_types` (`id`, `name`, `created_at`, `updated_at`) VALUES ('57', 'nihil', '2001-11-22 04:33:57', '1976-06-26 20:42:57');
INSERT INTO `media_types` (`id`, `name`, `created_at`, `updated_at`) VALUES ('58', 'aut', '2019-03-14 18:26:38', '1995-07-07 01:29:05');
INSERT INTO `media_types` (`id`, `name`, `created_at`, `updated_at`) VALUES ('59', 'id', '2014-04-13 17:02:14', '1976-12-05 13:06:33');
INSERT INTO `media_types` (`id`, `name`, `created_at`, `updated_at`) VALUES ('60', 'et', '1988-09-09 07:08:03', '2014-11-15 21:06:03');
INSERT INTO `media_types` (`id`, `name`, `created_at`, `updated_at`) VALUES ('61', 'iusto', '1978-04-03 11:48:36', '2007-01-23 03:27:23');
INSERT INTO `media_types` (`id`, `name`, `created_at`, `updated_at`) VALUES ('62', 'beatae', '1976-08-13 10:51:02', '1998-03-27 16:42:26');
INSERT INTO `media_types` (`id`, `name`, `created_at`, `updated_at`) VALUES ('63', 'ea', '1976-06-06 05:06:55', '2016-09-14 11:59:30');
INSERT INTO `media_types` (`id`, `name`, `created_at`, `updated_at`) VALUES ('64', 'aliquid', '2015-12-08 20:19:16', '1975-04-03 02:21:47');
INSERT INTO `media_types` (`id`, `name`, `created_at`, `updated_at`) VALUES ('65', 'architecto', '1983-06-23 22:08:20', '1992-11-23 16:34:19');
INSERT INTO `media_types` (`id`, `name`, `created_at`, `updated_at`) VALUES ('66', 'quo', '1983-04-20 08:42:20', '2003-01-17 22:49:12');
INSERT INTO `media_types` (`id`, `name`, `created_at`, `updated_at`) VALUES ('67', 'nam', '2013-07-06 23:56:34', '1998-01-03 15:48:55');
INSERT INTO `media_types` (`id`, `name`, `created_at`, `updated_at`) VALUES ('68', 'commodi', '1971-03-21 19:55:14', '2009-09-20 07:02:14');
INSERT INTO `media_types` (`id`, `name`, `created_at`, `updated_at`) VALUES ('69', 'quis', '1989-12-11 02:29:23', '2004-08-05 12:39:41');
INSERT INTO `media_types` (`id`, `name`, `created_at`, `updated_at`) VALUES ('70', 'amet', '1976-10-16 04:07:20', '1995-06-19 05:45:03');
INSERT INTO `media_types` (`id`, `name`, `created_at`, `updated_at`) VALUES ('71', 'dolorem', '1982-04-13 11:36:43', '1983-11-26 09:23:14');
INSERT INTO `media_types` (`id`, `name`, `created_at`, `updated_at`) VALUES ('72', 'dolor', '2018-07-12 01:15:42', '1981-08-24 09:54:42');
INSERT INTO `media_types` (`id`, `name`, `created_at`, `updated_at`) VALUES ('73', 'inventore', '1996-11-02 00:27:00', '1987-01-02 13:09:43');
INSERT INTO `media_types` (`id`, `name`, `created_at`, `updated_at`) VALUES ('74', 'cupiditate', '2009-02-15 19:56:27', '2017-10-27 14:31:47');
INSERT INTO `media_types` (`id`, `name`, `created_at`, `updated_at`) VALUES ('75', 'quisquam', '1990-07-18 16:50:18', '2004-12-10 10:13:44');
INSERT INTO `media_types` (`id`, `name`, `created_at`, `updated_at`) VALUES ('76', 'vel', '1983-03-13 07:27:02', '2002-11-13 10:21:49');
INSERT INTO `media_types` (`id`, `name`, `created_at`, `updated_at`) VALUES ('77', 'voluptas', '2010-01-07 21:46:00', '2001-11-24 02:20:28');
INSERT INTO `media_types` (`id`, `name`, `created_at`, `updated_at`) VALUES ('78', 'dolores', '1980-05-26 12:54:53', '2018-12-15 05:16:23');
INSERT INTO `media_types` (`id`, `name`, `created_at`, `updated_at`) VALUES ('79', 'explicabo', '1991-02-23 03:03:01', '1972-11-23 23:12:06');
INSERT INTO `media_types` (`id`, `name`, `created_at`, `updated_at`) VALUES ('80', 'pariatur', '1989-03-18 09:33:43', '2015-08-11 20:17:51');
INSERT INTO `media_types` (`id`, `name`, `created_at`, `updated_at`) VALUES ('81', 'voluptatem', '1972-07-23 22:43:59', '2017-10-14 03:39:22');
INSERT INTO `media_types` (`id`, `name`, `created_at`, `updated_at`) VALUES ('82', 'tempora', '1979-03-26 08:10:17', '1984-12-21 01:35:58');
INSERT INTO `media_types` (`id`, `name`, `created_at`, `updated_at`) VALUES ('83', 'architecto', '2010-05-28 10:53:40', '1970-12-07 06:23:31');
INSERT INTO `media_types` (`id`, `name`, `created_at`, `updated_at`) VALUES ('84', 'atque', '1994-02-27 07:28:51', '1991-04-14 16:33:26');
INSERT INTO `media_types` (`id`, `name`, `created_at`, `updated_at`) VALUES ('85', 'saepe', '2005-06-07 20:19:54', '1984-12-20 07:25:31');
INSERT INTO `media_types` (`id`, `name`, `created_at`, `updated_at`) VALUES ('86', 'sit', '1979-02-18 19:40:40', '1976-02-12 22:12:51');
INSERT INTO `media_types` (`id`, `name`, `created_at`, `updated_at`) VALUES ('87', 'id', '2000-06-18 01:15:21', '1998-04-28 07:50:45');
INSERT INTO `media_types` (`id`, `name`, `created_at`, `updated_at`) VALUES ('88', 'nihil', '1977-08-08 12:32:58', '2008-01-04 05:22:48');
INSERT INTO `media_types` (`id`, `name`, `created_at`, `updated_at`) VALUES ('89', 'qui', '2015-08-05 21:13:46', '2017-11-28 09:51:50');
INSERT INTO `media_types` (`id`, `name`, `created_at`, `updated_at`) VALUES ('90', 'aperiam', '2015-07-26 14:12:14', '2001-12-09 05:02:51');
INSERT INTO `media_types` (`id`, `name`, `created_at`, `updated_at`) VALUES ('91', 'commodi', '2006-05-12 22:13:14', '2000-08-10 23:44:22');
INSERT INTO `media_types` (`id`, `name`, `created_at`, `updated_at`) VALUES ('92', 'excepturi', '2019-03-26 09:34:53', '1974-10-26 23:58:49');
INSERT INTO `media_types` (`id`, `name`, `created_at`, `updated_at`) VALUES ('93', 'recusandae', '1983-05-20 04:00:31', '1970-07-19 02:24:16');
INSERT INTO `media_types` (`id`, `name`, `created_at`, `updated_at`) VALUES ('94', 'aut', '1985-04-06 22:32:23', '1989-04-02 15:00:43');
INSERT INTO `media_types` (`id`, `name`, `created_at`, `updated_at`) VALUES ('95', 'non', '1980-12-15 12:12:09', '1993-11-30 15:30:44');
INSERT INTO `media_types` (`id`, `name`, `created_at`, `updated_at`) VALUES ('96', 'dolor', '2016-01-14 18:22:56', '1980-10-12 18:40:53');
INSERT INTO `media_types` (`id`, `name`, `created_at`, `updated_at`) VALUES ('97', 'nemo', '2008-01-25 23:40:19', '1976-07-29 11:50:30');
INSERT INTO `media_types` (`id`, `name`, `created_at`, `updated_at`) VALUES ('98', 'quia', '1970-04-06 23:44:49', '2013-08-21 14:09:08');
INSERT INTO `media_types` (`id`, `name`, `created_at`, `updated_at`) VALUES ('99', 'vel', '2003-10-01 15:05:19', '1989-12-19 08:01:56');
INSERT INTO `media_types` (`id`, `name`, `created_at`, `updated_at`) VALUES ('100', 'sunt', '1992-05-30 15:09:50', '1993-05-31 08:22:21');


INSERT INTO `communities` (`id`, `name`) VALUES ('77', 'accusamus');
INSERT INTO `communities` (`id`, `name`) VALUES ('20', 'architecto');
INSERT INTO `communities` (`id`, `name`) VALUES ('5', 'asperiores');
INSERT INTO `communities` (`id`, `name`) VALUES ('58', 'at');
INSERT INTO `communities` (`id`, `name`) VALUES ('4', 'aut');
INSERT INTO `communities` (`id`, `name`) VALUES ('70', 'autem');
INSERT INTO `communities` (`id`, `name`) VALUES ('76', 'blanditiis');
INSERT INTO `communities` (`id`, `name`) VALUES ('87', 'cumque');
INSERT INTO `communities` (`id`, `name`) VALUES ('14', 'debitis');
INSERT INTO `communities` (`id`, `name`) VALUES ('72', 'debitis');
INSERT INTO `communities` (`id`, `name`) VALUES ('3', 'deserunt');
INSERT INTO `communities` (`id`, `name`) VALUES ('27', 'dignissimos');
INSERT INTO `communities` (`id`, `name`) VALUES ('49', 'distinctio');
INSERT INTO `communities` (`id`, `name`) VALUES ('54', 'distinctio');
INSERT INTO `communities` (`id`, `name`) VALUES ('46', 'doloremque');
INSERT INTO `communities` (`id`, `name`) VALUES ('42', 'dolores');
INSERT INTO `communities` (`id`, `name`) VALUES ('50', 'ea');
INSERT INTO `communities` (`id`, `name`) VALUES ('25', 'eaque');
INSERT INTO `communities` (`id`, `name`) VALUES ('51', 'eaque');
INSERT INTO `communities` (`id`, `name`) VALUES ('2', 'eius');
INSERT INTO `communities` (`id`, `name`) VALUES ('94', 'eius');
INSERT INTO `communities` (`id`, `name`) VALUES ('35', 'enim');
INSERT INTO `communities` (`id`, `name`) VALUES ('81', 'error');
INSERT INTO `communities` (`id`, `name`) VALUES ('55', 'est');
INSERT INTO `communities` (`id`, `name`) VALUES ('60', 'et');
INSERT INTO `communities` (`id`, `name`) VALUES ('80', 'et');
INSERT INTO `communities` (`id`, `name`) VALUES ('84', 'et');
INSERT INTO `communities` (`id`, `name`) VALUES ('7', 'eum');
INSERT INTO `communities` (`id`, `name`) VALUES ('78', 'eum');
INSERT INTO `communities` (`id`, `name`) VALUES ('62', 'exercitationem');
INSERT INTO `communities` (`id`, `name`) VALUES ('16', 'id');
INSERT INTO `communities` (`id`, `name`) VALUES ('6', 'illo');
INSERT INTO `communities` (`id`, `name`) VALUES ('74', 'illum');
INSERT INTO `communities` (`id`, `name`) VALUES ('89', 'in');
INSERT INTO `communities` (`id`, `name`) VALUES ('41', 'ipsa');
INSERT INTO `communities` (`id`, `name`) VALUES ('91', 'ipsam');
INSERT INTO `communities` (`id`, `name`) VALUES ('24', 'iste');
INSERT INTO `communities` (`id`, `name`) VALUES ('95', 'iste');
INSERT INTO `communities` (`id`, `name`) VALUES ('96', 'iusto');
INSERT INTO `communities` (`id`, `name`) VALUES ('32', 'laborum');
INSERT INTO `communities` (`id`, `name`) VALUES ('38', 'maiores');
INSERT INTO `communities` (`id`, `name`) VALUES ('67', 'maiores');
INSERT INTO `communities` (`id`, `name`) VALUES ('90', 'maiores');
INSERT INTO `communities` (`id`, `name`) VALUES ('33', 'maxime');
INSERT INTO `communities` (`id`, `name`) VALUES ('73', 'minus');
INSERT INTO `communities` (`id`, `name`) VALUES ('34', 'modi');
INSERT INTO `communities` (`id`, `name`) VALUES ('99', 'modi');
INSERT INTO `communities` (`id`, `name`) VALUES ('47', 'molestiae');
INSERT INTO `communities` (`id`, `name`) VALUES ('65', 'molestiae');
INSERT INTO `communities` (`id`, `name`) VALUES ('21', 'nam');
INSERT INTO `communities` (`id`, `name`) VALUES ('30', 'nesciunt');
INSERT INTO `communities` (`id`, `name`) VALUES ('64', 'nihil');
INSERT INTO `communities` (`id`, `name`) VALUES ('15', 'non');
INSERT INTO `communities` (`id`, `name`) VALUES ('28', 'odit');
INSERT INTO `communities` (`id`, `name`) VALUES ('75', 'odit');
INSERT INTO `communities` (`id`, `name`) VALUES ('1', 'officia');
INSERT INTO `communities` (`id`, `name`) VALUES ('63', 'omnis');
INSERT INTO `communities` (`id`, `name`) VALUES ('36', 'pariatur');
INSERT INTO `communities` (`id`, `name`) VALUES ('71', 'perferendis');
INSERT INTO `communities` (`id`, `name`) VALUES ('26', 'placeat');
INSERT INTO `communities` (`id`, `name`) VALUES ('88', 'possimus');
INSERT INTO `communities` (`id`, `name`) VALUES ('18', 'quae');
INSERT INTO `communities` (`id`, `name`) VALUES ('48', 'quae');
INSERT INTO `communities` (`id`, `name`) VALUES ('12', 'quaerat');
INSERT INTO `communities` (`id`, `name`) VALUES ('82', 'quas');
INSERT INTO `communities` (`id`, `name`) VALUES ('13', 'qui');
INSERT INTO `communities` (`id`, `name`) VALUES ('23', 'qui');
INSERT INTO `communities` (`id`, `name`) VALUES ('68', 'qui');
INSERT INTO `communities` (`id`, `name`) VALUES ('92', 'quia');
INSERT INTO `communities` (`id`, `name`) VALUES ('31', 'quibusdam');
INSERT INTO `communities` (`id`, `name`) VALUES ('66', 'quis');
INSERT INTO `communities` (`id`, `name`) VALUES ('22', 'quisquam');
INSERT INTO `communities` (`id`, `name`) VALUES ('83', 'quod');
INSERT INTO `communities` (`id`, `name`) VALUES ('56', 'reprehenderit');
INSERT INTO `communities` (`id`, `name`) VALUES ('11', 'rerum');
INSERT INTO `communities` (`id`, `name`) VALUES ('98', 'rerum');
INSERT INTO `communities` (`id`, `name`) VALUES ('8', 'saepe');
INSERT INTO `communities` (`id`, `name`) VALUES ('85', 'sapiente');
INSERT INTO `communities` (`id`, `name`) VALUES ('40', 'sint');
INSERT INTO `communities` (`id`, `name`) VALUES ('79', 'sit');
INSERT INTO `communities` (`id`, `name`) VALUES ('44', 'sunt');
INSERT INTO `communities` (`id`, `name`) VALUES ('61', 'sunt');
INSERT INTO `communities` (`id`, `name`) VALUES ('43', 'tenetur');
INSERT INTO `communities` (`id`, `name`) VALUES ('19', 'unde');
INSERT INTO `communities` (`id`, `name`) VALUES ('29', 'ut');
INSERT INTO `communities` (`id`, `name`) VALUES ('45', 'ut');
INSERT INTO `communities` (`id`, `name`) VALUES ('52', 'ut');
INSERT INTO `communities` (`id`, `name`) VALUES ('53', 'ut');
INSERT INTO `communities` (`id`, `name`) VALUES ('59', 'ut');
INSERT INTO `communities` (`id`, `name`) VALUES ('57', 'vel');
INSERT INTO `communities` (`id`, `name`) VALUES ('93', 'vel');
INSERT INTO `communities` (`id`, `name`) VALUES ('97', 'velit');
INSERT INTO `communities` (`id`, `name`) VALUES ('86', 'veniam');
INSERT INTO `communities` (`id`, `name`) VALUES ('17', 'vitae');
INSERT INTO `communities` (`id`, `name`) VALUES ('9', 'voluptas');
INSERT INTO `communities` (`id`, `name`) VALUES ('39', 'voluptas');
INSERT INTO `communities` (`id`, `name`) VALUES ('10', 'voluptate');
INSERT INTO `communities` (`id`, `name`) VALUES ('69', 'voluptatem');
INSERT INTO `communities` (`id`, `name`) VALUES ('100', 'voluptatem');
INSERT INTO `communities` (`id`, `name`) VALUES ('37', 'voluptatibus');


INSERT INTO `users` (`id`, `firstname`, `lastname`, `email`, `phone`) VALUES ('1', 'Evert', 'Mann', 'roberts.orie@example.net', '1');
INSERT INTO `users` (`id`, `firstname`, `lastname`, `email`, `phone`) VALUES ('2', 'Annette', 'Schroeder', 'mariane.mckenzie@example.org', '11329');
INSERT INTO `users` (`id`, `firstname`, `lastname`, `email`, `phone`) VALUES ('3', 'Hermann', 'Farrell', 'justine.crona@example.org', '82');
INSERT INTO `users` (`id`, `firstname`, `lastname`, `email`, `phone`) VALUES ('4', 'Rossie', 'Spinka', 'bspencer@example.net', '911');
INSERT INTO `users` (`id`, `firstname`, `lastname`, `email`, `phone`) VALUES ('5', 'Zander', 'Gislason', 'gail20@example.net', '990');
INSERT INTO `users` (`id`, `firstname`, `lastname`, `email`, `phone`) VALUES ('6', 'Ismael', 'Moore', 'iwunsch@example.net', '52');
INSERT INTO `users` (`id`, `firstname`, `lastname`, `email`, `phone`) VALUES ('7', 'Camron', 'Rosenbaum', 'wlemke@example.org', '5466736895');
INSERT INTO `users` (`id`, `firstname`, `lastname`, `email`, `phone`) VALUES ('8', 'Leola', 'Pacocha', 'kareem.schumm@example.com', '435725');
INSERT INTO `users` (`id`, `firstname`, `lastname`, `email`, `phone`) VALUES ('9', 'Amiya', 'Ferry', 'rau.dallas@example.net', '269070');
INSERT INTO `users` (`id`, `firstname`, `lastname`, `email`, `phone`) VALUES ('10', 'Ladarius', 'Kessler', 'hrau@example.com', '366');
INSERT INTO `users` (`id`, `firstname`, `lastname`, `email`, `phone`) VALUES ('11', 'Erick', 'Price', 'kennedy.stroman@example.org', '722');
INSERT INTO `users` (`id`, `firstname`, `lastname`, `email`, `phone`) VALUES ('12', 'Hilario', 'Haley', 'kozey.morris@example.org', '1');
INSERT INTO `users` (`id`, `firstname`, `lastname`, `email`, `phone`) VALUES ('13', 'Luisa', 'Waelchi', 'mittie.brown@example.com', '6039');
INSERT INTO `users` (`id`, `firstname`, `lastname`, `email`, `phone`) VALUES ('14', 'Brody', 'Littel', 'wbraun@example.org', '0');
INSERT INTO `users` (`id`, `firstname`, `lastname`, `email`, `phone`) VALUES ('15', 'Lisandro', 'Schuppe', 'shawna71@example.com', '1');
INSERT INTO `users` (`id`, `firstname`, `lastname`, `email`, `phone`) VALUES ('16', 'Glennie', 'O\'Reilly', 'kemmer.jan@example.net', '52');
INSERT INTO `users` (`id`, `firstname`, `lastname`, `email`, `phone`) VALUES ('17', 'Matt', 'Ebert', 'breinger@example.net', '275799');
INSERT INTO `users` (`id`, `firstname`, `lastname`, `email`, `phone`) VALUES ('18', 'Carmelo', 'Hegmann', 'smonahan@example.net', '139');
INSERT INTO `users` (`id`, `firstname`, `lastname`, `email`, `phone`) VALUES ('19', 'Jeffery', 'Ferry', 'dare.aiyana@example.net', '505547');
INSERT INTO `users` (`id`, `firstname`, `lastname`, `email`, `phone`) VALUES ('20', 'Cruz', 'Walsh', 'bbogisich@example.net', '1');
INSERT INTO `users` (`id`, `firstname`, `lastname`, `email`, `phone`) VALUES ('21', 'Johnpaul', 'Kovacek', 'perry.boyer@example.com', '798855');
INSERT INTO `users` (`id`, `firstname`, `lastname`, `email`, `phone`) VALUES ('22', 'Ezequiel', 'Cremin', 'emmerich.tatum@example.net', '0');
INSERT INTO `users` (`id`, `firstname`, `lastname`, `email`, `phone`) VALUES ('23', 'Anabel', 'Jerde', 'spinka.ramiro@example.org', '1');
INSERT INTO `users` (`id`, `firstname`, `lastname`, `email`, `phone`) VALUES ('24', 'Buster', 'Bernier', 'sjohns@example.net', '1');
INSERT INTO `users` (`id`, `firstname`, `lastname`, `email`, `phone`) VALUES ('25', 'Payton', 'Harris', 'king.mathias@example.net', '1');
INSERT INTO `users` (`id`, `firstname`, `lastname`, `email`, `phone`) VALUES ('26', 'Sigrid', 'Reinger', 'keenan93@example.net', '0');
INSERT INTO `users` (`id`, `firstname`, `lastname`, `email`, `phone`) VALUES ('27', 'Rosina', 'Hauck', 'robin.kirlin@example.org', '266264');
INSERT INTO `users` (`id`, `firstname`, `lastname`, `email`, `phone`) VALUES ('28', 'Crystal', 'Kuphal', 'genesis.d\'amore@example.com', '224');
INSERT INTO `users` (`id`, `firstname`, `lastname`, `email`, `phone`) VALUES ('29', 'Linda', 'Bogisich', 'perry82@example.org', '0');
INSERT INTO `users` (`id`, `firstname`, `lastname`, `email`, `phone`) VALUES ('30', 'Neoma', 'Roberts', 'dcorkery@example.org', '596999');
INSERT INTO `users` (`id`, `firstname`, `lastname`, `email`, `phone`) VALUES ('31', 'Jensen', 'Sipes', 'rprice@example.org', '291');
INSERT INTO `users` (`id`, `firstname`, `lastname`, `email`, `phone`) VALUES ('32', 'Dagmar', 'Ledner', 'rene19@example.org', '352695');
INSERT INTO `users` (`id`, `firstname`, `lastname`, `email`, `phone`) VALUES ('33', 'Dewitt', 'Gerlach', 'rrutherford@example.org', '0');
INSERT INTO `users` (`id`, `firstname`, `lastname`, `email`, `phone`) VALUES ('34', 'Taryn', 'Kertzmann', 'efarrell@example.org', '1');
INSERT INTO `users` (`id`, `firstname`, `lastname`, `email`, `phone`) VALUES ('35', 'Janick', 'Schowalter', 'abelardo.ziemann@example.org', '98473');
INSERT INTO `users` (`id`, `firstname`, `lastname`, `email`, `phone`) VALUES ('36', 'Dianna', 'Harris', 'loy55@example.net', '9624073852');
INSERT INTO `users` (`id`, `firstname`, `lastname`, `email`, `phone`) VALUES ('37', 'Ella', 'Gutkowski', 'karina.quitzon@example.com', '0');
INSERT INTO `users` (`id`, `firstname`, `lastname`, `email`, `phone`) VALUES ('38', 'Elvis', 'Cartwright', 'nluettgen@example.com', '803372');
INSERT INTO `users` (`id`, `firstname`, `lastname`, `email`, `phone`) VALUES ('39', 'Harmony', 'Buckridge', 'jaycee.wilkinson@example.net', '0');
INSERT INTO `users` (`id`, `firstname`, `lastname`, `email`, `phone`) VALUES ('40', 'Evalyn', 'Block', 'ybaumbach@example.org', '1389777788');
INSERT INTO `users` (`id`, `firstname`, `lastname`, `email`, `phone`) VALUES ('41', 'Loren', 'Romaguera', 'eryn.reichert@example.org', '0');
INSERT INTO `users` (`id`, `firstname`, `lastname`, `email`, `phone`) VALUES ('42', 'Fritz', 'Gulgowski', 'gia.labadie@example.com', '1');
INSERT INTO `users` (`id`, `firstname`, `lastname`, `email`, `phone`) VALUES ('43', 'Uriel', 'Franecki', 'esta39@example.org', '0');
INSERT INTO `users` (`id`, `firstname`, `lastname`, `email`, `phone`) VALUES ('44', 'Ottis', 'Swaniawski', 'rosario.walter@example.net', '506');
INSERT INTO `users` (`id`, `firstname`, `lastname`, `email`, `phone`) VALUES ('45', 'Joseph', 'Langosh', 'jerod.white@example.net', '0');
INSERT INTO `users` (`id`, `firstname`, `lastname`, `email`, `phone`) VALUES ('46', 'Buck', 'Runolfsson', 'brenden.gleason@example.com', '1');
INSERT INTO `users` (`id`, `firstname`, `lastname`, `email`, `phone`) VALUES ('47', 'Yazmin', 'Nitzsche', 'walter.delpha@example.org', '1');
INSERT INTO `users` (`id`, `firstname`, `lastname`, `email`, `phone`) VALUES ('48', 'Myles', 'O\'Connell', 'kiehn.kadin@example.net', '635');
INSERT INTO `users` (`id`, `firstname`, `lastname`, `email`, `phone`) VALUES ('49', 'Dion', 'Hegmann', 'ova11@example.org', '1');
INSERT INTO `users` (`id`, `firstname`, `lastname`, `email`, `phone`) VALUES ('50', 'Andreanne', 'Lindgren', 'king.gusikowski@example.com', '328672');
INSERT INTO `users` (`id`, `firstname`, `lastname`, `email`, `phone`) VALUES ('51', 'Destiney', 'VonRueden', 'londricka@example.net', '949');
INSERT INTO `users` (`id`, `firstname`, `lastname`, `email`, `phone`) VALUES ('52', 'Bernice', 'Lueilwitz', 'stark.antonietta@example.net', '72');
INSERT INTO `users` (`id`, `firstname`, `lastname`, `email`, `phone`) VALUES ('53', 'Brown', 'Ondricka', 'melvin05@example.org', '386152246');
INSERT INTO `users` (`id`, `firstname`, `lastname`, `email`, `phone`) VALUES ('54', 'Keven', 'Morar', 'dach.gay@example.org', '0');
INSERT INTO `users` (`id`, `firstname`, `lastname`, `email`, `phone`) VALUES ('55', 'Donnie', 'Effertz', 'davin52@example.org', '1');
INSERT INTO `users` (`id`, `firstname`, `lastname`, `email`, `phone`) VALUES ('56', 'Erika', 'Jacobson', 'yost.mervin@example.net', '0');
INSERT INTO `users` (`id`, `firstname`, `lastname`, `email`, `phone`) VALUES ('57', 'Tremaine', 'Gorczany', 'ujakubowski@example.org', '1');
INSERT INTO `users` (`id`, `firstname`, `lastname`, `email`, `phone`) VALUES ('58', 'Earnestine', 'O\'Kon', 'uboyle@example.org', '931');
INSERT INTO `users` (`id`, `firstname`, `lastname`, `email`, `phone`) VALUES ('59', 'Idell', 'Bogan', 'sofia.strosin@example.com', '403486');
INSERT INTO `users` (`id`, `firstname`, `lastname`, `email`, `phone`) VALUES ('60', 'Bo', 'Kiehn', 'labadie.laron@example.net', '0');
INSERT INTO `users` (`id`, `firstname`, `lastname`, `email`, `phone`) VALUES ('61', 'Loyal', 'West', 'ssmitham@example.org', '604577');
INSERT INTO `users` (`id`, `firstname`, `lastname`, `email`, `phone`) VALUES ('62', 'Isadore', 'Howe', 'hills.ray@example.com', '1');
INSERT INTO `users` (`id`, `firstname`, `lastname`, `email`, `phone`) VALUES ('63', 'General', 'Metz', 'adibbert@example.net', '260780');
INSERT INTO `users` (`id`, `firstname`, `lastname`, `email`, `phone`) VALUES ('64', 'Consuelo', 'Zieme', 'orlo.little@example.org', '44567');
INSERT INTO `users` (`id`, `firstname`, `lastname`, `email`, `phone`) VALUES ('65', 'Veronica', 'Bashirian', 'lueilwitz.nichole@example.com', '787224');
INSERT INTO `users` (`id`, `firstname`, `lastname`, `email`, `phone`) VALUES ('66', 'Brycen', 'Schoen', 'vmcclure@example.net', '955394');
INSERT INTO `users` (`id`, `firstname`, `lastname`, `email`, `phone`) VALUES ('67', 'Cathrine', 'Hills', 'emmanuel.konopelski@example.com', '1');
INSERT INTO `users` (`id`, `firstname`, `lastname`, `email`, `phone`) VALUES ('68', 'Sigurd', 'Barrows', 'wilhelm.cartwright@example.net', '1');
INSERT INTO `users` (`id`, `firstname`, `lastname`, `email`, `phone`) VALUES ('69', 'Karolann', 'Larson', 'abbie.kunze@example.com', '0');
INSERT INTO `users` (`id`, `firstname`, `lastname`, `email`, `phone`) VALUES ('70', 'Caleb', 'Steuber', 'lynch.elisabeth@example.com', '928');
INSERT INTO `users` (`id`, `firstname`, `lastname`, `email`, `phone`) VALUES ('71', 'Ozella', 'Jerde', 'marco71@example.net', '0');
INSERT INTO `users` (`id`, `firstname`, `lastname`, `email`, `phone`) VALUES ('72', 'Oran', 'Ryan', 'lfeest@example.net', '1');
INSERT INTO `users` (`id`, `firstname`, `lastname`, `email`, `phone`) VALUES ('73', 'Dillan', 'Durgan', 'damaris.haley@example.net', '672349');
INSERT INTO `users` (`id`, `firstname`, `lastname`, `email`, `phone`) VALUES ('74', 'Damon', 'Leannon', 'erdman.sven@example.com', '1');
INSERT INTO `users` (`id`, `firstname`, `lastname`, `email`, `phone`) VALUES ('75', 'Karlee', 'Mohr', 'gnikolaus@example.org', '1');
INSERT INTO `users` (`id`, `firstname`, `lastname`, `email`, `phone`) VALUES ('76', 'Aniya', 'Goodwin', 'wblanda@example.net', '185');
INSERT INTO `users` (`id`, `firstname`, `lastname`, `email`, `phone`) VALUES ('77', 'Lenora', 'Wilderman', 'marielle.dubuque@example.net', '0');
INSERT INTO `users` (`id`, `firstname`, `lastname`, `email`, `phone`) VALUES ('78', 'Lisandro', 'Bogisich', 'nicolette.becker@example.com', '1');
INSERT INTO `users` (`id`, `firstname`, `lastname`, `email`, `phone`) VALUES ('79', 'Mazie', 'Mohr', 'sadie.abshire@example.net', '9411718567');
INSERT INTO `users` (`id`, `firstname`, `lastname`, `email`, `phone`) VALUES ('80', 'Bernita', 'Farrell', 'onikolaus@example.net', '0');
INSERT INTO `users` (`id`, `firstname`, `lastname`, `email`, `phone`) VALUES ('81', 'Melyna', 'Bergnaum', 'monserrate19@example.net', '3461428848');
INSERT INTO `users` (`id`, `firstname`, `lastname`, `email`, `phone`) VALUES ('82', 'Kyra', 'Runte', 'adriel.considine@example.net', '1');
INSERT INTO `users` (`id`, `firstname`, `lastname`, `email`, `phone`) VALUES ('83', 'Valerie', 'Breitenberg', 'hbernier@example.com', '1');
INSERT INTO `users` (`id`, `firstname`, `lastname`, `email`, `phone`) VALUES ('84', 'Imelda', 'O\'Kon', 'sauer.wilford@example.com', '1');
INSERT INTO `users` (`id`, `firstname`, `lastname`, `email`, `phone`) VALUES ('85', 'Orrin', 'Farrell', 'maryjane63@example.com', '795');
INSERT INTO `users` (`id`, `firstname`, `lastname`, `email`, `phone`) VALUES ('86', 'Trey', 'Corwin', 'ntillman@example.com', '438326');
INSERT INTO `users` (`id`, `firstname`, `lastname`, `email`, `phone`) VALUES ('87', 'Lorenza', 'Lang', 'emmitt13@example.com', '1');
INSERT INTO `users` (`id`, `firstname`, `lastname`, `email`, `phone`) VALUES ('88', 'Dennis', 'Barton', 'trevion.lockman@example.com', '95');
INSERT INTO `users` (`id`, `firstname`, `lastname`, `email`, `phone`) VALUES ('89', 'Jensen', 'Funk', 'gage.fritsch@example.net', '823382');
INSERT INTO `users` (`id`, `firstname`, `lastname`, `email`, `phone`) VALUES ('90', 'Hipolito', 'Cremin', 'santino.schoen@example.com', '532');
INSERT INTO `users` (`id`, `firstname`, `lastname`, `email`, `phone`) VALUES ('91', 'Marielle', 'Paucek', 'jbednar@example.org', '914440');
INSERT INTO `users` (`id`, `firstname`, `lastname`, `email`, `phone`) VALUES ('92', 'Alena', 'Shields', 'lgoodwin@example.net', '100');
INSERT INTO `users` (`id`, `firstname`, `lastname`, `email`, `phone`) VALUES ('93', 'Grace', 'Farrell', 'cgrant@example.net', '0');
INSERT INTO `users` (`id`, `firstname`, `lastname`, `email`, `phone`) VALUES ('94', 'Hailie', 'Kozey', 'lamont.thompson@example.com', '1');
INSERT INTO `users` (`id`, `firstname`, `lastname`, `email`, `phone`) VALUES ('95', 'Rosamond', 'Kreiger', 'ransom02@example.org', '945');
INSERT INTO `users` (`id`, `firstname`, `lastname`, `email`, `phone`) VALUES ('96', 'Frances', 'Nitzsche', 'boyer.astrid@example.net', '316452');
INSERT INTO `users` (`id`, `firstname`, `lastname`, `email`, `phone`) VALUES ('97', 'Alanna', 'Prohaska', 'ncollier@example.com', '740');
INSERT INTO `users` (`id`, `firstname`, `lastname`, `email`, `phone`) VALUES ('98', 'Filomena', 'Swift', 'von.magdalen@example.org', '438774435');
INSERT INTO `users` (`id`, `firstname`, `lastname`, `email`, `phone`) VALUES ('99', 'Lesly', 'Von', 'kkuvalis@example.com', '1');
INSERT INTO `users` (`id`, `firstname`, `lastname`, `email`, `phone`) VALUES ('100', 'Sydney', 'Renner', 'jewel.boyer@example.org', '61');

INSERT INTO `profiles` (`user_id`, `gender`, `birthday`, `photo_id`, `created_at`, `hometown`) VALUES ('1', NULL, '2007-10-20', '1', '2019-04-01 21:40:20', NULL);
INSERT INTO `profiles` (`user_id`, `gender`, `birthday`, `photo_id`, `created_at`, `hometown`) VALUES ('2', NULL, '2006-08-06', '2', '2001-04-12 17:20:44', NULL);
INSERT INTO `profiles` (`user_id`, `gender`, `birthday`, `photo_id`, `created_at`, `hometown`) VALUES ('3', NULL, '1994-12-04', '3', '1981-10-09 12:57:59', NULL);
INSERT INTO `profiles` (`user_id`, `gender`, `birthday`, `photo_id`, `created_at`, `hometown`) VALUES ('4', NULL, '1998-05-21', '4', '1981-08-02 10:13:34', NULL);
INSERT INTO `profiles` (`user_id`, `gender`, `birthday`, `photo_id`, `created_at`, `hometown`) VALUES ('5', NULL, '1993-03-16', '5', '1972-09-19 11:01:23', NULL);
INSERT INTO `profiles` (`user_id`, `gender`, `birthday`, `photo_id`, `created_at`, `hometown`) VALUES ('6', NULL, '1977-09-18', '6', '1993-04-17 10:06:11', NULL);
INSERT INTO `profiles` (`user_id`, `gender`, `birthday`, `photo_id`, `created_at`, `hometown`) VALUES ('7', NULL, '1986-06-29', '7', '2006-11-05 16:21:04', NULL);
INSERT INTO `profiles` (`user_id`, `gender`, `birthday`, `photo_id`, `created_at`, `hometown`) VALUES ('8', NULL, '1994-09-11', '8', '2001-12-04 12:52:15', NULL);
INSERT INTO `profiles` (`user_id`, `gender`, `birthday`, `photo_id`, `created_at`, `hometown`) VALUES ('9', NULL, '1990-02-17', '9', '2006-12-22 02:54:48', NULL);
INSERT INTO `profiles` (`user_id`, `gender`, `birthday`, `photo_id`, `created_at`, `hometown`) VALUES ('10', NULL, '2009-01-28', '10', '2012-03-07 01:02:08', NULL);
INSERT INTO `profiles` (`user_id`, `gender`, `birthday`, `photo_id`, `created_at`, `hometown`) VALUES ('11', NULL, '1983-07-10', '11', '2006-04-24 04:33:57', NULL);
INSERT INTO `profiles` (`user_id`, `gender`, `birthday`, `photo_id`, `created_at`, `hometown`) VALUES ('12', NULL, '1981-09-26', '12', '1999-12-28 15:53:30', NULL);
INSERT INTO `profiles` (`user_id`, `gender`, `birthday`, `photo_id`, `created_at`, `hometown`) VALUES ('13', NULL, '2015-12-26', '13', '1978-09-01 02:28:51', NULL);
INSERT INTO `profiles` (`user_id`, `gender`, `birthday`, `photo_id`, `created_at`, `hometown`) VALUES ('14', NULL, '1970-12-01', '14', '1992-09-12 16:45:59', NULL);
INSERT INTO `profiles` (`user_id`, `gender`, `birthday`, `photo_id`, `created_at`, `hometown`) VALUES ('15', NULL, '2010-10-02', '15', '2016-07-16 08:40:18', NULL);
INSERT INTO `profiles` (`user_id`, `gender`, `birthday`, `photo_id`, `created_at`, `hometown`) VALUES ('16', NULL, '2014-06-29', '16', '1984-12-25 04:39:04', NULL);
INSERT INTO `profiles` (`user_id`, `gender`, `birthday`, `photo_id`, `created_at`, `hometown`) VALUES ('17', NULL, '2002-04-23', '17', '1989-12-25 00:03:40', NULL);
INSERT INTO `profiles` (`user_id`, `gender`, `birthday`, `photo_id`, `created_at`, `hometown`) VALUES ('18', NULL, '2015-04-26', '18', '1987-01-03 14:58:25', NULL);
INSERT INTO `profiles` (`user_id`, `gender`, `birthday`, `photo_id`, `created_at`, `hometown`) VALUES ('19', NULL, '1998-12-04', '19', '2011-09-12 20:30:23', NULL);
INSERT INTO `profiles` (`user_id`, `gender`, `birthday`, `photo_id`, `created_at`, `hometown`) VALUES ('20', NULL, '1975-02-16', '20', '1970-12-08 22:58:29', NULL);
INSERT INTO `profiles` (`user_id`, `gender`, `birthday`, `photo_id`, `created_at`, `hometown`) VALUES ('21', NULL, '1992-06-12', '21', '1996-09-11 07:36:55', NULL);
INSERT INTO `profiles` (`user_id`, `gender`, `birthday`, `photo_id`, `created_at`, `hometown`) VALUES ('22', NULL, '2006-11-22', '22', '1975-10-04 11:03:02', NULL);
INSERT INTO `profiles` (`user_id`, `gender`, `birthday`, `photo_id`, `created_at`, `hometown`) VALUES ('23', NULL, '1985-06-20', '23', '1984-04-18 07:13:41', NULL);
INSERT INTO `profiles` (`user_id`, `gender`, `birthday`, `photo_id`, `created_at`, `hometown`) VALUES ('24', NULL, '2005-06-15', '24', '1988-07-20 10:11:38', NULL);
INSERT INTO `profiles` (`user_id`, `gender`, `birthday`, `photo_id`, `created_at`, `hometown`) VALUES ('25', NULL, '1987-03-11', '25', '1992-12-20 12:24:07', NULL);
INSERT INTO `profiles` (`user_id`, `gender`, `birthday`, `photo_id`, `created_at`, `hometown`) VALUES ('26', NULL, '1970-03-24', '26', '2005-05-22 17:53:35', NULL);
INSERT INTO `profiles` (`user_id`, `gender`, `birthday`, `photo_id`, `created_at`, `hometown`) VALUES ('27', NULL, '1972-11-13', '27', '2018-10-03 15:57:47', NULL);
INSERT INTO `profiles` (`user_id`, `gender`, `birthday`, `photo_id`, `created_at`, `hometown`) VALUES ('28', NULL, '1995-12-20', '28', '2013-07-01 10:01:40', NULL);
INSERT INTO `profiles` (`user_id`, `gender`, `birthday`, `photo_id`, `created_at`, `hometown`) VALUES ('29', NULL, '2006-07-05', '29', '1970-11-29 19:27:05', NULL);
INSERT INTO `profiles` (`user_id`, `gender`, `birthday`, `photo_id`, `created_at`, `hometown`) VALUES ('30', NULL, '1977-11-15', '30', '2009-11-24 19:09:48', NULL);
INSERT INTO `profiles` (`user_id`, `gender`, `birthday`, `photo_id`, `created_at`, `hometown`) VALUES ('31', NULL, '1999-03-12', '31', '2015-07-25 11:47:56', NULL);
INSERT INTO `profiles` (`user_id`, `gender`, `birthday`, `photo_id`, `created_at`, `hometown`) VALUES ('32', NULL, '1974-02-28', '32', '1993-10-22 18:24:35', NULL);
INSERT INTO `profiles` (`user_id`, `gender`, `birthday`, `photo_id`, `created_at`, `hometown`) VALUES ('33', NULL, '2008-05-07', '33', '2014-11-19 12:46:36', NULL);
INSERT INTO `profiles` (`user_id`, `gender`, `birthday`, `photo_id`, `created_at`, `hometown`) VALUES ('34', NULL, '2013-12-01', '34', '2017-06-29 05:16:16', NULL);
INSERT INTO `profiles` (`user_id`, `gender`, `birthday`, `photo_id`, `created_at`, `hometown`) VALUES ('35', NULL, '1997-09-23', '35', '2014-07-29 04:50:30', NULL);
INSERT INTO `profiles` (`user_id`, `gender`, `birthday`, `photo_id`, `created_at`, `hometown`) VALUES ('36', NULL, '1996-04-21', '36', '1999-07-28 13:07:43', NULL);
INSERT INTO `profiles` (`user_id`, `gender`, `birthday`, `photo_id`, `created_at`, `hometown`) VALUES ('37', NULL, '2005-04-25', '37', '2001-12-05 10:26:31', NULL);
INSERT INTO `profiles` (`user_id`, `gender`, `birthday`, `photo_id`, `created_at`, `hometown`) VALUES ('38', NULL, '1993-04-01', '38', '1978-10-04 14:38:43', NULL);
INSERT INTO `profiles` (`user_id`, `gender`, `birthday`, `photo_id`, `created_at`, `hometown`) VALUES ('39', NULL, '1981-10-07', '39', '1988-11-30 06:58:43', NULL);
INSERT INTO `profiles` (`user_id`, `gender`, `birthday`, `photo_id`, `created_at`, `hometown`) VALUES ('40', NULL, '1991-06-17', '40', '1979-06-16 00:18:12', NULL);
INSERT INTO `profiles` (`user_id`, `gender`, `birthday`, `photo_id`, `created_at`, `hometown`) VALUES ('41', NULL, '1999-04-21', '41', '1977-09-30 22:58:27', NULL);
INSERT INTO `profiles` (`user_id`, `gender`, `birthday`, `photo_id`, `created_at`, `hometown`) VALUES ('42', NULL, '2000-12-05', '42', '1984-09-08 00:50:16', NULL);
INSERT INTO `profiles` (`user_id`, `gender`, `birthday`, `photo_id`, `created_at`, `hometown`) VALUES ('43', NULL, '1984-11-19', '43', '2015-03-29 07:56:57', NULL);
INSERT INTO `profiles` (`user_id`, `gender`, `birthday`, `photo_id`, `created_at`, `hometown`) VALUES ('44', NULL, '1995-07-27', '44', '2000-09-26 05:32:02', NULL);
INSERT INTO `profiles` (`user_id`, `gender`, `birthday`, `photo_id`, `created_at`, `hometown`) VALUES ('45', NULL, '1997-08-16', '45', '1978-07-27 15:07:53', NULL);
INSERT INTO `profiles` (`user_id`, `gender`, `birthday`, `photo_id`, `created_at`, `hometown`) VALUES ('46', NULL, '2004-11-09', '46', '1997-09-25 08:39:06', NULL);
INSERT INTO `profiles` (`user_id`, `gender`, `birthday`, `photo_id`, `created_at`, `hometown`) VALUES ('47', NULL, '1994-01-05', '47', '1974-10-18 20:26:54', NULL);
INSERT INTO `profiles` (`user_id`, `gender`, `birthday`, `photo_id`, `created_at`, `hometown`) VALUES ('48', NULL, '1972-02-02', '48', '1991-01-10 08:16:01', NULL);
INSERT INTO `profiles` (`user_id`, `gender`, `birthday`, `photo_id`, `created_at`, `hometown`) VALUES ('49', NULL, '2014-08-23', '49', '1979-02-17 04:20:38', NULL);
INSERT INTO `profiles` (`user_id`, `gender`, `birthday`, `photo_id`, `created_at`, `hometown`) VALUES ('50', NULL, '1979-02-17', '50', '2013-04-22 16:35:07', NULL);
INSERT INTO `profiles` (`user_id`, `gender`, `birthday`, `photo_id`, `created_at`, `hometown`) VALUES ('51', NULL, '1994-06-28', '51', '2009-05-23 22:47:41', NULL);
INSERT INTO `profiles` (`user_id`, `gender`, `birthday`, `photo_id`, `created_at`, `hometown`) VALUES ('52', NULL, '1972-02-13', '52', '2007-05-04 23:59:33', NULL);
INSERT INTO `profiles` (`user_id`, `gender`, `birthday`, `photo_id`, `created_at`, `hometown`) VALUES ('53', NULL, '1991-10-22', '53', '1971-09-13 19:27:53', NULL);
INSERT INTO `profiles` (`user_id`, `gender`, `birthday`, `photo_id`, `created_at`, `hometown`) VALUES ('54', NULL, '1973-11-18', '54', '1986-05-05 16:12:33', NULL);
INSERT INTO `profiles` (`user_id`, `gender`, `birthday`, `photo_id`, `created_at`, `hometown`) VALUES ('55', NULL, '2017-01-07', '55', '2016-07-29 12:59:23', NULL);
INSERT INTO `profiles` (`user_id`, `gender`, `birthday`, `photo_id`, `created_at`, `hometown`) VALUES ('56', NULL, '1987-08-30', '56', '1989-12-26 05:32:51', NULL);
INSERT INTO `profiles` (`user_id`, `gender`, `birthday`, `photo_id`, `created_at`, `hometown`) VALUES ('57', NULL, '2009-11-12', '57', '1992-03-11 17:14:17', NULL);
INSERT INTO `profiles` (`user_id`, `gender`, `birthday`, `photo_id`, `created_at`, `hometown`) VALUES ('58', NULL, '1984-06-13', '58', '2012-08-10 11:34:36', NULL);
INSERT INTO `profiles` (`user_id`, `gender`, `birthday`, `photo_id`, `created_at`, `hometown`) VALUES ('59', NULL, '1992-01-15', '59', '2006-05-12 21:08:16', NULL);
INSERT INTO `profiles` (`user_id`, `gender`, `birthday`, `photo_id`, `created_at`, `hometown`) VALUES ('60', NULL, '1974-01-16', '60', '1991-02-25 06:19:06', NULL);
INSERT INTO `profiles` (`user_id`, `gender`, `birthday`, `photo_id`, `created_at`, `hometown`) VALUES ('61', NULL, '1971-01-29', '61', '1977-03-11 23:31:32', NULL);
INSERT INTO `profiles` (`user_id`, `gender`, `birthday`, `photo_id`, `created_at`, `hometown`) VALUES ('62', NULL, '1980-03-01', '62', '1978-08-13 10:26:37', NULL);
INSERT INTO `profiles` (`user_id`, `gender`, `birthday`, `photo_id`, `created_at`, `hometown`) VALUES ('63', NULL, '1970-02-19', '63', '1992-07-03 14:09:00', NULL);
INSERT INTO `profiles` (`user_id`, `gender`, `birthday`, `photo_id`, `created_at`, `hometown`) VALUES ('64', NULL, '2012-12-25', '64', '1999-07-14 13:38:05', NULL);
INSERT INTO `profiles` (`user_id`, `gender`, `birthday`, `photo_id`, `created_at`, `hometown`) VALUES ('65', NULL, '2014-08-05', '65', '1996-05-11 20:07:57', NULL);
INSERT INTO `profiles` (`user_id`, `gender`, `birthday`, `photo_id`, `created_at`, `hometown`) VALUES ('66', NULL, '2012-12-24', '66', '2014-04-13 19:30:59', NULL);
INSERT INTO `profiles` (`user_id`, `gender`, `birthday`, `photo_id`, `created_at`, `hometown`) VALUES ('67', NULL, '1980-05-24', '67', '1972-11-27 11:08:32', NULL);
INSERT INTO `profiles` (`user_id`, `gender`, `birthday`, `photo_id`, `created_at`, `hometown`) VALUES ('68', NULL, '1995-09-20', '68', '2002-06-19 14:03:22', NULL);
INSERT INTO `profiles` (`user_id`, `gender`, `birthday`, `photo_id`, `created_at`, `hometown`) VALUES ('69', NULL, '2002-12-25', '69', '2010-08-20 21:17:40', NULL);
INSERT INTO `profiles` (`user_id`, `gender`, `birthday`, `photo_id`, `created_at`, `hometown`) VALUES ('70', NULL, '2018-10-24', '70', '1978-11-19 01:01:37', NULL);
INSERT INTO `profiles` (`user_id`, `gender`, `birthday`, `photo_id`, `created_at`, `hometown`) VALUES ('71', NULL, '2018-01-12', '71', '1985-08-14 11:29:40', NULL);
INSERT INTO `profiles` (`user_id`, `gender`, `birthday`, `photo_id`, `created_at`, `hometown`) VALUES ('72', NULL, '1983-06-29', '72', '2012-03-15 18:54:14', NULL);
INSERT INTO `profiles` (`user_id`, `gender`, `birthday`, `photo_id`, `created_at`, `hometown`) VALUES ('73', NULL, '2012-03-04', '73', '2012-02-12 17:20:55', NULL);
INSERT INTO `profiles` (`user_id`, `gender`, `birthday`, `photo_id`, `created_at`, `hometown`) VALUES ('74', NULL, '1971-05-13', '74', '1985-01-14 16:43:53', NULL);
INSERT INTO `profiles` (`user_id`, `gender`, `birthday`, `photo_id`, `created_at`, `hometown`) VALUES ('75', NULL, '1982-08-21', '75', '1999-08-31 12:13:07', NULL);
INSERT INTO `profiles` (`user_id`, `gender`, `birthday`, `photo_id`, `created_at`, `hometown`) VALUES ('76', NULL, '1972-06-20', '76', '1981-09-19 03:25:47', NULL);
INSERT INTO `profiles` (`user_id`, `gender`, `birthday`, `photo_id`, `created_at`, `hometown`) VALUES ('77', NULL, '1993-02-10', '77', '1993-02-24 11:05:42', NULL);
INSERT INTO `profiles` (`user_id`, `gender`, `birthday`, `photo_id`, `created_at`, `hometown`) VALUES ('78', NULL, '1970-01-03', '78', '1976-12-08 08:42:57', NULL);
INSERT INTO `profiles` (`user_id`, `gender`, `birthday`, `photo_id`, `created_at`, `hometown`) VALUES ('79', NULL, '1979-04-26', '79', '1973-06-16 03:52:11', NULL);
INSERT INTO `profiles` (`user_id`, `gender`, `birthday`, `photo_id`, `created_at`, `hometown`) VALUES ('80', NULL, '2013-07-01', '80', '1980-06-02 15:18:22', NULL);
INSERT INTO `profiles` (`user_id`, `gender`, `birthday`, `photo_id`, `created_at`, `hometown`) VALUES ('81', NULL, '1982-08-02', '81', '1987-11-28 23:57:06', NULL);
INSERT INTO `profiles` (`user_id`, `gender`, `birthday`, `photo_id`, `created_at`, `hometown`) VALUES ('82', NULL, '1978-03-21', '82', '1983-01-18 12:22:44', NULL);
INSERT INTO `profiles` (`user_id`, `gender`, `birthday`, `photo_id`, `created_at`, `hometown`) VALUES ('83', NULL, '1987-09-25', '83', '1980-10-15 16:40:30', NULL);
INSERT INTO `profiles` (`user_id`, `gender`, `birthday`, `photo_id`, `created_at`, `hometown`) VALUES ('84', NULL, '1981-02-17', '84', '2002-01-20 04:10:31', NULL);
INSERT INTO `profiles` (`user_id`, `gender`, `birthday`, `photo_id`, `created_at`, `hometown`) VALUES ('85', NULL, '2012-03-24', '85', '1998-12-24 17:46:37', NULL);
INSERT INTO `profiles` (`user_id`, `gender`, `birthday`, `photo_id`, `created_at`, `hometown`) VALUES ('86', NULL, '2001-01-13', '86', '2002-03-20 03:50:53', NULL);
INSERT INTO `profiles` (`user_id`, `gender`, `birthday`, `photo_id`, `created_at`, `hometown`) VALUES ('87', NULL, '1985-01-11', '87', '1990-10-25 09:23:11', NULL);
INSERT INTO `profiles` (`user_id`, `gender`, `birthday`, `photo_id`, `created_at`, `hometown`) VALUES ('88', NULL, '2003-02-11', '88', '2014-01-22 11:48:29', NULL);
INSERT INTO `profiles` (`user_id`, `gender`, `birthday`, `photo_id`, `created_at`, `hometown`) VALUES ('89', NULL, '1973-10-01', '89', '1985-08-15 16:14:28', NULL);
INSERT INTO `profiles` (`user_id`, `gender`, `birthday`, `photo_id`, `created_at`, `hometown`) VALUES ('90', NULL, '2018-10-24', '90', '1990-08-03 15:33:34', NULL);
INSERT INTO `profiles` (`user_id`, `gender`, `birthday`, `photo_id`, `created_at`, `hometown`) VALUES ('91', NULL, '2014-08-19', '91', '2005-11-17 23:08:16', NULL);
INSERT INTO `profiles` (`user_id`, `gender`, `birthday`, `photo_id`, `created_at`, `hometown`) VALUES ('92', NULL, '1985-01-23', '92', '1983-08-28 23:58:52', NULL);
INSERT INTO `profiles` (`user_id`, `gender`, `birthday`, `photo_id`, `created_at`, `hometown`) VALUES ('93', NULL, '1999-07-17', '93', '2004-03-28 15:13:14', NULL);
INSERT INTO `profiles` (`user_id`, `gender`, `birthday`, `photo_id`, `created_at`, `hometown`) VALUES ('94', NULL, '1986-06-06', '94', '1989-02-19 21:03:33', NULL);
INSERT INTO `profiles` (`user_id`, `gender`, `birthday`, `photo_id`, `created_at`, `hometown`) VALUES ('95', NULL, '1976-04-24', '95', '2006-03-21 18:58:02', NULL);
INSERT INTO `profiles` (`user_id`, `gender`, `birthday`, `photo_id`, `created_at`, `hometown`) VALUES ('96', NULL, '1970-02-03', '96', '1974-01-08 17:14:11', NULL);
INSERT INTO `profiles` (`user_id`, `gender`, `birthday`, `photo_id`, `created_at`, `hometown`) VALUES ('97', NULL, '1994-05-07', '97', '1978-03-08 22:40:25', NULL);
INSERT INTO `profiles` (`user_id`, `gender`, `birthday`, `photo_id`, `created_at`, `hometown`) VALUES ('98', NULL, '1980-02-02', '98', '1995-01-24 03:38:55', NULL);
INSERT INTO `profiles` (`user_id`, `gender`, `birthday`, `photo_id`, `created_at`, `hometown`) VALUES ('99', NULL, '2004-07-06', '99', '1997-12-16 22:20:37', NULL);
INSERT INTO `profiles` (`user_id`, `gender`, `birthday`, `photo_id`, `created_at`, `hometown`) VALUES ('100', NULL, '1973-04-20', '100', '2010-03-21 04:00:43', NULL);


INSERT INTO `users_communities` (`user_id`, `community_id`) VALUES ('1', '1');
INSERT INTO `users_communities` (`user_id`, `community_id`) VALUES ('2', '2');
INSERT INTO `users_communities` (`user_id`, `community_id`) VALUES ('3', '3');
INSERT INTO `users_communities` (`user_id`, `community_id`) VALUES ('4', '4');
INSERT INTO `users_communities` (`user_id`, `community_id`) VALUES ('5', '5');
INSERT INTO `users_communities` (`user_id`, `community_id`) VALUES ('6', '6');
INSERT INTO `users_communities` (`user_id`, `community_id`) VALUES ('7', '7');
INSERT INTO `users_communities` (`user_id`, `community_id`) VALUES ('8', '8');
INSERT INTO `users_communities` (`user_id`, `community_id`) VALUES ('9', '9');
INSERT INTO `users_communities` (`user_id`, `community_id`) VALUES ('10', '10');
INSERT INTO `users_communities` (`user_id`, `community_id`) VALUES ('11', '11');
INSERT INTO `users_communities` (`user_id`, `community_id`) VALUES ('12', '12');
INSERT INTO `users_communities` (`user_id`, `community_id`) VALUES ('13', '13');
INSERT INTO `users_communities` (`user_id`, `community_id`) VALUES ('14', '14');
INSERT INTO `users_communities` (`user_id`, `community_id`) VALUES ('15', '15');
INSERT INTO `users_communities` (`user_id`, `community_id`) VALUES ('16', '16');
INSERT INTO `users_communities` (`user_id`, `community_id`) VALUES ('17', '17');
INSERT INTO `users_communities` (`user_id`, `community_id`) VALUES ('18', '18');
INSERT INTO `users_communities` (`user_id`, `community_id`) VALUES ('19', '19');
INSERT INTO `users_communities` (`user_id`, `community_id`) VALUES ('20', '20');
INSERT INTO `users_communities` (`user_id`, `community_id`) VALUES ('21', '21');
INSERT INTO `users_communities` (`user_id`, `community_id`) VALUES ('22', '22');
INSERT INTO `users_communities` (`user_id`, `community_id`) VALUES ('23', '23');
INSERT INTO `users_communities` (`user_id`, `community_id`) VALUES ('24', '24');
INSERT INTO `users_communities` (`user_id`, `community_id`) VALUES ('25', '25');
INSERT INTO `users_communities` (`user_id`, `community_id`) VALUES ('26', '26');
INSERT INTO `users_communities` (`user_id`, `community_id`) VALUES ('27', '27');
INSERT INTO `users_communities` (`user_id`, `community_id`) VALUES ('28', '28');
INSERT INTO `users_communities` (`user_id`, `community_id`) VALUES ('29', '29');
INSERT INTO `users_communities` (`user_id`, `community_id`) VALUES ('30', '30');
INSERT INTO `users_communities` (`user_id`, `community_id`) VALUES ('31', '31');
INSERT INTO `users_communities` (`user_id`, `community_id`) VALUES ('32', '32');
INSERT INTO `users_communities` (`user_id`, `community_id`) VALUES ('33', '33');
INSERT INTO `users_communities` (`user_id`, `community_id`) VALUES ('34', '34');
INSERT INTO `users_communities` (`user_id`, `community_id`) VALUES ('35', '35');
INSERT INTO `users_communities` (`user_id`, `community_id`) VALUES ('36', '36');
INSERT INTO `users_communities` (`user_id`, `community_id`) VALUES ('37', '37');
INSERT INTO `users_communities` (`user_id`, `community_id`) VALUES ('38', '38');
INSERT INTO `users_communities` (`user_id`, `community_id`) VALUES ('39', '39');
INSERT INTO `users_communities` (`user_id`, `community_id`) VALUES ('40', '40');
INSERT INTO `users_communities` (`user_id`, `community_id`) VALUES ('41', '41');
INSERT INTO `users_communities` (`user_id`, `community_id`) VALUES ('42', '42');
INSERT INTO `users_communities` (`user_id`, `community_id`) VALUES ('43', '43');
INSERT INTO `users_communities` (`user_id`, `community_id`) VALUES ('44', '44');
INSERT INTO `users_communities` (`user_id`, `community_id`) VALUES ('45', '45');
INSERT INTO `users_communities` (`user_id`, `community_id`) VALUES ('46', '46');
INSERT INTO `users_communities` (`user_id`, `community_id`) VALUES ('47', '47');
INSERT INTO `users_communities` (`user_id`, `community_id`) VALUES ('48', '48');
INSERT INTO `users_communities` (`user_id`, `community_id`) VALUES ('49', '49');
INSERT INTO `users_communities` (`user_id`, `community_id`) VALUES ('50', '50');
INSERT INTO `users_communities` (`user_id`, `community_id`) VALUES ('51', '51');
INSERT INTO `users_communities` (`user_id`, `community_id`) VALUES ('52', '52');
INSERT INTO `users_communities` (`user_id`, `community_id`) VALUES ('53', '53');
INSERT INTO `users_communities` (`user_id`, `community_id`) VALUES ('54', '54');
INSERT INTO `users_communities` (`user_id`, `community_id`) VALUES ('55', '55');
INSERT INTO `users_communities` (`user_id`, `community_id`) VALUES ('56', '56');
INSERT INTO `users_communities` (`user_id`, `community_id`) VALUES ('57', '57');
INSERT INTO `users_communities` (`user_id`, `community_id`) VALUES ('58', '58');
INSERT INTO `users_communities` (`user_id`, `community_id`) VALUES ('59', '59');
INSERT INTO `users_communities` (`user_id`, `community_id`) VALUES ('60', '60');
INSERT INTO `users_communities` (`user_id`, `community_id`) VALUES ('61', '61');
INSERT INTO `users_communities` (`user_id`, `community_id`) VALUES ('62', '62');
INSERT INTO `users_communities` (`user_id`, `community_id`) VALUES ('63', '63');
INSERT INTO `users_communities` (`user_id`, `community_id`) VALUES ('64', '64');
INSERT INTO `users_communities` (`user_id`, `community_id`) VALUES ('65', '65');
INSERT INTO `users_communities` (`user_id`, `community_id`) VALUES ('66', '66');
INSERT INTO `users_communities` (`user_id`, `community_id`) VALUES ('67', '67');
INSERT INTO `users_communities` (`user_id`, `community_id`) VALUES ('68', '68');
INSERT INTO `users_communities` (`user_id`, `community_id`) VALUES ('69', '69');
INSERT INTO `users_communities` (`user_id`, `community_id`) VALUES ('70', '70');
INSERT INTO `users_communities` (`user_id`, `community_id`) VALUES ('71', '71');
INSERT INTO `users_communities` (`user_id`, `community_id`) VALUES ('72', '72');
INSERT INTO `users_communities` (`user_id`, `community_id`) VALUES ('73', '73');
INSERT INTO `users_communities` (`user_id`, `community_id`) VALUES ('74', '74');
INSERT INTO `users_communities` (`user_id`, `community_id`) VALUES ('75', '75');
INSERT INTO `users_communities` (`user_id`, `community_id`) VALUES ('76', '76');
INSERT INTO `users_communities` (`user_id`, `community_id`) VALUES ('77', '77');
INSERT INTO `users_communities` (`user_id`, `community_id`) VALUES ('78', '78');
INSERT INTO `users_communities` (`user_id`, `community_id`) VALUES ('79', '79');
INSERT INTO `users_communities` (`user_id`, `community_id`) VALUES ('80', '80');
INSERT INTO `users_communities` (`user_id`, `community_id`) VALUES ('81', '81');
INSERT INTO `users_communities` (`user_id`, `community_id`) VALUES ('82', '82');
INSERT INTO `users_communities` (`user_id`, `community_id`) VALUES ('83', '83');
INSERT INTO `users_communities` (`user_id`, `community_id`) VALUES ('84', '84');
INSERT INTO `users_communities` (`user_id`, `community_id`) VALUES ('85', '85');
INSERT INTO `users_communities` (`user_id`, `community_id`) VALUES ('86', '86');
INSERT INTO `users_communities` (`user_id`, `community_id`) VALUES ('87', '87');
INSERT INTO `users_communities` (`user_id`, `community_id`) VALUES ('88', '88');
INSERT INTO `users_communities` (`user_id`, `community_id`) VALUES ('89', '89');
INSERT INTO `users_communities` (`user_id`, `community_id`) VALUES ('90', '90');
INSERT INTO `users_communities` (`user_id`, `community_id`) VALUES ('91', '91');
INSERT INTO `users_communities` (`user_id`, `community_id`) VALUES ('92', '92');
INSERT INTO `users_communities` (`user_id`, `community_id`) VALUES ('93', '93');
INSERT INTO `users_communities` (`user_id`, `community_id`) VALUES ('94', '94');
INSERT INTO `users_communities` (`user_id`, `community_id`) VALUES ('95', '95');
INSERT INTO `users_communities` (`user_id`, `community_id`) VALUES ('96', '96');
INSERT INTO `users_communities` (`user_id`, `community_id`) VALUES ('97', '97');
INSERT INTO `users_communities` (`user_id`, `community_id`) VALUES ('98', '98');
INSERT INTO `users_communities` (`user_id`, `community_id`) VALUES ('99', '99');
INSERT INTO `users_communities` (`user_id`, `community_id`) VALUES ('100', '100');


INSERT INTO `friend_requests` (`initiator_user_id`, `target_user_id`, `status`, `requested_at`, `confirmed_at`) VALUES ('1', '1', 'approved', '1977-06-26 14:32:35', '1973-09-16 22:00:47');
INSERT INTO `friend_requests` (`initiator_user_id`, `target_user_id`, `status`, `requested_at`, `confirmed_at`) VALUES ('2', '2', 'requested', '2014-12-14 21:00:04', '1976-07-14 23:21:44');
INSERT INTO `friend_requests` (`initiator_user_id`, `target_user_id`, `status`, `requested_at`, `confirmed_at`) VALUES ('3', '3', 'approved', '1977-12-22 04:58:36', '2012-04-26 19:55:43');
INSERT INTO `friend_requests` (`initiator_user_id`, `target_user_id`, `status`, `requested_at`, `confirmed_at`) VALUES ('4', '4', 'approved', '2012-12-01 04:40:23', '2001-05-24 12:42:33');
INSERT INTO `friend_requests` (`initiator_user_id`, `target_user_id`, `status`, `requested_at`, `confirmed_at`) VALUES ('5', '5', 'approved', '2007-08-17 09:38:26', '1992-12-18 08:55:09');
INSERT INTO `friend_requests` (`initiator_user_id`, `target_user_id`, `status`, `requested_at`, `confirmed_at`) VALUES ('6', '6', 'declined', '1981-08-09 17:45:14', '1978-02-04 21:03:10');
INSERT INTO `friend_requests` (`initiator_user_id`, `target_user_id`, `status`, `requested_at`, `confirmed_at`) VALUES ('7', '7', 'unfriended', '1990-09-06 01:47:03', '2010-01-18 11:34:39');
INSERT INTO `friend_requests` (`initiator_user_id`, `target_user_id`, `status`, `requested_at`, `confirmed_at`) VALUES ('8', '8', 'unfriended', '1982-08-25 02:41:08', '2014-05-17 00:50:47');
INSERT INTO `friend_requests` (`initiator_user_id`, `target_user_id`, `status`, `requested_at`, `confirmed_at`) VALUES ('9', '9', 'declined', '1970-02-01 11:03:54', '1974-05-12 00:10:35');
INSERT INTO `friend_requests` (`initiator_user_id`, `target_user_id`, `status`, `requested_at`, `confirmed_at`) VALUES ('10', '10', 'unfriended', '1971-06-14 05:27:12', '1987-06-18 07:20:40');
INSERT INTO `friend_requests` (`initiator_user_id`, `target_user_id`, `status`, `requested_at`, `confirmed_at`) VALUES ('11', '11', 'unfriended', '2008-12-11 00:34:23', '1976-02-08 16:12:30');
INSERT INTO `friend_requests` (`initiator_user_id`, `target_user_id`, `status`, `requested_at`, `confirmed_at`) VALUES ('12', '12', 'unfriended', '2002-04-16 02:12:43', '2004-10-11 19:05:59');
INSERT INTO `friend_requests` (`initiator_user_id`, `target_user_id`, `status`, `requested_at`, `confirmed_at`) VALUES ('13', '13', 'declined', '1989-02-02 11:18:12', '2015-04-03 18:00:35');
INSERT INTO `friend_requests` (`initiator_user_id`, `target_user_id`, `status`, `requested_at`, `confirmed_at`) VALUES ('14', '14', 'declined', '2008-04-20 06:21:59', '2012-04-04 05:38:04');
INSERT INTO `friend_requests` (`initiator_user_id`, `target_user_id`, `status`, `requested_at`, `confirmed_at`) VALUES ('15', '15', 'approved', '1979-09-03 03:50:29', '1993-03-01 11:57:57');
INSERT INTO `friend_requests` (`initiator_user_id`, `target_user_id`, `status`, `requested_at`, `confirmed_at`) VALUES ('16', '16', 'unfriended', '1989-09-26 15:32:27', '2008-11-20 23:53:01');
INSERT INTO `friend_requests` (`initiator_user_id`, `target_user_id`, `status`, `requested_at`, `confirmed_at`) VALUES ('17', '17', 'unfriended', '2007-08-31 15:46:17', '1988-12-22 11:46:22');
INSERT INTO `friend_requests` (`initiator_user_id`, `target_user_id`, `status`, `requested_at`, `confirmed_at`) VALUES ('18', '18', 'unfriended', '2008-10-24 19:02:42', '1970-10-19 02:13:42');
INSERT INTO `friend_requests` (`initiator_user_id`, `target_user_id`, `status`, `requested_at`, `confirmed_at`) VALUES ('19', '19', 'requested', '1974-01-06 13:52:37', '1983-10-30 17:05:34');
INSERT INTO `friend_requests` (`initiator_user_id`, `target_user_id`, `status`, `requested_at`, `confirmed_at`) VALUES ('20', '20', 'declined', '1991-03-06 04:58:39', '1972-12-24 22:14:32');
INSERT INTO `friend_requests` (`initiator_user_id`, `target_user_id`, `status`, `requested_at`, `confirmed_at`) VALUES ('21', '21', 'requested', '1987-04-16 18:35:56', '1993-03-23 11:13:28');
INSERT INTO `friend_requests` (`initiator_user_id`, `target_user_id`, `status`, `requested_at`, `confirmed_at`) VALUES ('22', '22', 'unfriended', '2017-08-23 05:14:28', '1982-09-19 05:16:25');
INSERT INTO `friend_requests` (`initiator_user_id`, `target_user_id`, `status`, `requested_at`, `confirmed_at`) VALUES ('23', '23', 'requested', '2010-06-02 11:26:55', '2000-10-13 01:04:02');
INSERT INTO `friend_requests` (`initiator_user_id`, `target_user_id`, `status`, `requested_at`, `confirmed_at`) VALUES ('24', '24', 'declined', '1978-12-26 07:50:05', '1983-01-25 05:53:31');
INSERT INTO `friend_requests` (`initiator_user_id`, `target_user_id`, `status`, `requested_at`, `confirmed_at`) VALUES ('25', '25', 'approved', '1982-02-13 18:30:08', '2007-07-16 01:19:02');
INSERT INTO `friend_requests` (`initiator_user_id`, `target_user_id`, `status`, `requested_at`, `confirmed_at`) VALUES ('26', '26', 'requested', '1994-11-30 02:41:31', '1996-12-14 23:40:56');
INSERT INTO `friend_requests` (`initiator_user_id`, `target_user_id`, `status`, `requested_at`, `confirmed_at`) VALUES ('27', '27', 'unfriended', '1977-10-30 02:17:56', '1998-10-14 17:49:05');
INSERT INTO `friend_requests` (`initiator_user_id`, `target_user_id`, `status`, `requested_at`, `confirmed_at`) VALUES ('28', '28', 'declined', '2002-08-04 09:58:53', '2015-11-13 23:19:03');
INSERT INTO `friend_requests` (`initiator_user_id`, `target_user_id`, `status`, `requested_at`, `confirmed_at`) VALUES ('29', '29', 'unfriended', '2012-05-20 14:42:33', '2019-04-22 15:19:22');
INSERT INTO `friend_requests` (`initiator_user_id`, `target_user_id`, `status`, `requested_at`, `confirmed_at`) VALUES ('30', '30', 'unfriended', '2018-09-17 14:20:58', '1976-07-10 01:14:15');
INSERT INTO `friend_requests` (`initiator_user_id`, `target_user_id`, `status`, `requested_at`, `confirmed_at`) VALUES ('31', '31', 'requested', '2008-08-23 07:40:49', '2004-04-26 06:07:04');
INSERT INTO `friend_requests` (`initiator_user_id`, `target_user_id`, `status`, `requested_at`, `confirmed_at`) VALUES ('32', '32', 'unfriended', '2005-10-24 19:36:33', '2011-07-10 05:32:36');
INSERT INTO `friend_requests` (`initiator_user_id`, `target_user_id`, `status`, `requested_at`, `confirmed_at`) VALUES ('33', '33', 'declined', '1992-05-09 13:34:21', '2003-07-22 02:59:37');
INSERT INTO `friend_requests` (`initiator_user_id`, `target_user_id`, `status`, `requested_at`, `confirmed_at`) VALUES ('34', '34', 'unfriended', '1979-12-07 06:55:50', '2003-11-22 16:19:40');
INSERT INTO `friend_requests` (`initiator_user_id`, `target_user_id`, `status`, `requested_at`, `confirmed_at`) VALUES ('35', '35', 'declined', '1995-12-02 15:10:18', '1994-01-11 14:32:49');
INSERT INTO `friend_requests` (`initiator_user_id`, `target_user_id`, `status`, `requested_at`, `confirmed_at`) VALUES ('36', '36', 'unfriended', '1980-08-12 02:46:35', '2005-07-31 18:17:21');
INSERT INTO `friend_requests` (`initiator_user_id`, `target_user_id`, `status`, `requested_at`, `confirmed_at`) VALUES ('37', '37', 'requested', '1972-08-04 09:50:33', '2014-01-04 01:15:59');
INSERT INTO `friend_requests` (`initiator_user_id`, `target_user_id`, `status`, `requested_at`, `confirmed_at`) VALUES ('38', '38', 'approved', '2007-08-05 05:15:20', '1973-11-19 02:25:01');
INSERT INTO `friend_requests` (`initiator_user_id`, `target_user_id`, `status`, `requested_at`, `confirmed_at`) VALUES ('39', '39', 'unfriended', '1970-06-07 05:53:28', '1970-10-18 08:50:52');
INSERT INTO `friend_requests` (`initiator_user_id`, `target_user_id`, `status`, `requested_at`, `confirmed_at`) VALUES ('40', '40', 'approved', '1976-01-06 08:26:13', '1984-06-03 14:11:29');
INSERT INTO `friend_requests` (`initiator_user_id`, `target_user_id`, `status`, `requested_at`, `confirmed_at`) VALUES ('41', '41', 'declined', '1972-12-13 07:30:23', '1983-09-17 10:49:47');
INSERT INTO `friend_requests` (`initiator_user_id`, `target_user_id`, `status`, `requested_at`, `confirmed_at`) VALUES ('42', '42', 'requested', '1995-01-15 22:22:52', '1978-04-18 22:32:02');
INSERT INTO `friend_requests` (`initiator_user_id`, `target_user_id`, `status`, `requested_at`, `confirmed_at`) VALUES ('43', '43', 'unfriended', '1982-10-03 14:52:12', '2010-05-19 04:26:44');
INSERT INTO `friend_requests` (`initiator_user_id`, `target_user_id`, `status`, `requested_at`, `confirmed_at`) VALUES ('44', '44', 'requested', '1986-12-07 06:59:53', '1978-01-04 16:57:02');
INSERT INTO `friend_requests` (`initiator_user_id`, `target_user_id`, `status`, `requested_at`, `confirmed_at`) VALUES ('45', '45', 'approved', '1987-07-23 01:45:21', '1982-02-18 14:48:45');
INSERT INTO `friend_requests` (`initiator_user_id`, `target_user_id`, `status`, `requested_at`, `confirmed_at`) VALUES ('46', '46', 'declined', '1970-06-30 18:20:33', '2011-03-05 15:38:32');
INSERT INTO `friend_requests` (`initiator_user_id`, `target_user_id`, `status`, `requested_at`, `confirmed_at`) VALUES ('47', '47', 'unfriended', '1983-08-27 00:35:09', '1972-08-03 21:10:37');
INSERT INTO `friend_requests` (`initiator_user_id`, `target_user_id`, `status`, `requested_at`, `confirmed_at`) VALUES ('48', '48', 'requested', '1984-02-09 14:33:56', '1984-03-29 20:32:48');
INSERT INTO `friend_requests` (`initiator_user_id`, `target_user_id`, `status`, `requested_at`, `confirmed_at`) VALUES ('49', '49', 'unfriended', '1984-03-02 16:51:49', '2014-02-03 06:40:26');
INSERT INTO `friend_requests` (`initiator_user_id`, `target_user_id`, `status`, `requested_at`, `confirmed_at`) VALUES ('50', '50', 'requested', '1994-05-13 05:45:53', '1972-03-15 18:36:11');
INSERT INTO `friend_requests` (`initiator_user_id`, `target_user_id`, `status`, `requested_at`, `confirmed_at`) VALUES ('51', '51', 'unfriended', '1982-11-21 20:45:46', '2011-12-24 06:06:33');
INSERT INTO `friend_requests` (`initiator_user_id`, `target_user_id`, `status`, `requested_at`, `confirmed_at`) VALUES ('52', '52', 'approved', '2007-07-05 00:15:26', '1988-08-25 17:13:48');
INSERT INTO `friend_requests` (`initiator_user_id`, `target_user_id`, `status`, `requested_at`, `confirmed_at`) VALUES ('53', '53', 'declined', '1997-02-15 13:19:47', '1997-06-05 11:52:13');
INSERT INTO `friend_requests` (`initiator_user_id`, `target_user_id`, `status`, `requested_at`, `confirmed_at`) VALUES ('54', '54', 'approved', '2016-11-25 22:58:00', '1986-05-14 08:42:24');
INSERT INTO `friend_requests` (`initiator_user_id`, `target_user_id`, `status`, `requested_at`, `confirmed_at`) VALUES ('55', '55', 'approved', '1996-10-11 03:05:40', '2003-01-16 05:46:43');
INSERT INTO `friend_requests` (`initiator_user_id`, `target_user_id`, `status`, `requested_at`, `confirmed_at`) VALUES ('56', '56', 'declined', '1973-08-03 20:46:05', '2003-11-09 01:48:15');
INSERT INTO `friend_requests` (`initiator_user_id`, `target_user_id`, `status`, `requested_at`, `confirmed_at`) VALUES ('57', '57', 'approved', '2017-10-07 08:24:29', '2016-06-04 23:30:27');
INSERT INTO `friend_requests` (`initiator_user_id`, `target_user_id`, `status`, `requested_at`, `confirmed_at`) VALUES ('58', '58', 'approved', '2019-10-11 11:31:06', '2003-01-04 23:44:09');
INSERT INTO `friend_requests` (`initiator_user_id`, `target_user_id`, `status`, `requested_at`, `confirmed_at`) VALUES ('59', '59', 'declined', '1985-09-01 06:35:46', '2012-09-13 09:56:17');
INSERT INTO `friend_requests` (`initiator_user_id`, `target_user_id`, `status`, `requested_at`, `confirmed_at`) VALUES ('60', '60', 'requested', '1997-08-11 21:27:30', '2004-10-09 07:14:08');
INSERT INTO `friend_requests` (`initiator_user_id`, `target_user_id`, `status`, `requested_at`, `confirmed_at`) VALUES ('61', '61', 'unfriended', '2011-08-08 08:19:35', '2005-01-27 09:58:34');
INSERT INTO `friend_requests` (`initiator_user_id`, `target_user_id`, `status`, `requested_at`, `confirmed_at`) VALUES ('62', '62', 'requested', '1977-12-13 03:07:56', '1984-12-07 14:55:37');
INSERT INTO `friend_requests` (`initiator_user_id`, `target_user_id`, `status`, `requested_at`, `confirmed_at`) VALUES ('63', '63', 'unfriended', '1983-05-09 10:28:20', '2018-12-08 07:03:25');
INSERT INTO `friend_requests` (`initiator_user_id`, `target_user_id`, `status`, `requested_at`, `confirmed_at`) VALUES ('64', '64', 'approved', '2005-10-15 20:36:09', '1981-02-04 16:23:16');
INSERT INTO `friend_requests` (`initiator_user_id`, `target_user_id`, `status`, `requested_at`, `confirmed_at`) VALUES ('65', '65', 'unfriended', '2019-09-17 18:10:01', '2016-11-03 11:34:01');
INSERT INTO `friend_requests` (`initiator_user_id`, `target_user_id`, `status`, `requested_at`, `confirmed_at`) VALUES ('66', '66', 'requested', '1998-10-16 05:54:51', '2010-08-18 01:52:56');
INSERT INTO `friend_requests` (`initiator_user_id`, `target_user_id`, `status`, `requested_at`, `confirmed_at`) VALUES ('67', '67', 'declined', '2005-01-20 00:07:58', '2001-05-17 19:15:09');
INSERT INTO `friend_requests` (`initiator_user_id`, `target_user_id`, `status`, `requested_at`, `confirmed_at`) VALUES ('68', '68', 'requested', '1995-09-28 08:46:33', '1995-12-09 17:30:46');
INSERT INTO `friend_requests` (`initiator_user_id`, `target_user_id`, `status`, `requested_at`, `confirmed_at`) VALUES ('69', '69', 'declined', '2006-02-28 20:10:49', '1984-01-08 01:47:20');
INSERT INTO `friend_requests` (`initiator_user_id`, `target_user_id`, `status`, `requested_at`, `confirmed_at`) VALUES ('70', '70', 'approved', '1986-07-30 08:14:16', '1975-06-09 05:21:13');
INSERT INTO `friend_requests` (`initiator_user_id`, `target_user_id`, `status`, `requested_at`, `confirmed_at`) VALUES ('71', '71', 'requested', '1978-10-29 09:21:37', '1989-01-21 07:27:14');
INSERT INTO `friend_requests` (`initiator_user_id`, `target_user_id`, `status`, `requested_at`, `confirmed_at`) VALUES ('72', '72', 'unfriended', '1984-05-14 19:12:04', '1992-08-28 02:54:16');
INSERT INTO `friend_requests` (`initiator_user_id`, `target_user_id`, `status`, `requested_at`, `confirmed_at`) VALUES ('73', '73', 'requested', '1998-07-13 14:54:19', '1995-09-24 11:18:42');
INSERT INTO `friend_requests` (`initiator_user_id`, `target_user_id`, `status`, `requested_at`, `confirmed_at`) VALUES ('74', '74', 'approved', '1995-11-08 03:32:34', '1992-03-23 03:25:32');
INSERT INTO `friend_requests` (`initiator_user_id`, `target_user_id`, `status`, `requested_at`, `confirmed_at`) VALUES ('75', '75', 'requested', '1983-11-14 11:59:03', '1971-02-28 16:54:10');
INSERT INTO `friend_requests` (`initiator_user_id`, `target_user_id`, `status`, `requested_at`, `confirmed_at`) VALUES ('76', '76', 'declined', '1989-06-18 18:02:58', '2011-12-18 14:28:50');
INSERT INTO `friend_requests` (`initiator_user_id`, `target_user_id`, `status`, `requested_at`, `confirmed_at`) VALUES ('77', '77', 'unfriended', '1980-07-03 01:03:43', '1978-03-16 18:45:29');
INSERT INTO `friend_requests` (`initiator_user_id`, `target_user_id`, `status`, `requested_at`, `confirmed_at`) VALUES ('78', '78', 'declined', '1982-08-10 00:05:45', '1992-04-03 16:59:07');
INSERT INTO `friend_requests` (`initiator_user_id`, `target_user_id`, `status`, `requested_at`, `confirmed_at`) VALUES ('79', '79', 'declined', '2007-04-28 21:20:09', '2004-09-13 02:35:56');
INSERT INTO `friend_requests` (`initiator_user_id`, `target_user_id`, `status`, `requested_at`, `confirmed_at`) VALUES ('80', '80', 'requested', '1986-05-17 15:42:39', '2019-09-20 20:32:57');
INSERT INTO `friend_requests` (`initiator_user_id`, `target_user_id`, `status`, `requested_at`, `confirmed_at`) VALUES ('81', '81', 'requested', '1994-09-21 21:58:37', '1982-11-29 12:37:56');
INSERT INTO `friend_requests` (`initiator_user_id`, `target_user_id`, `status`, `requested_at`, `confirmed_at`) VALUES ('82', '82', 'approved', '2007-07-06 13:25:03', '1977-10-02 13:09:59');
INSERT INTO `friend_requests` (`initiator_user_id`, `target_user_id`, `status`, `requested_at`, `confirmed_at`) VALUES ('83', '83', 'approved', '1997-03-08 05:25:10', '2003-09-09 17:47:29');
INSERT INTO `friend_requests` (`initiator_user_id`, `target_user_id`, `status`, `requested_at`, `confirmed_at`) VALUES ('84', '84', 'requested', '1985-11-09 19:13:37', '1993-08-23 18:22:54');
INSERT INTO `friend_requests` (`initiator_user_id`, `target_user_id`, `status`, `requested_at`, `confirmed_at`) VALUES ('85', '85', 'requested', '2006-06-04 13:32:41', '1993-03-26 08:18:05');
INSERT INTO `friend_requests` (`initiator_user_id`, `target_user_id`, `status`, `requested_at`, `confirmed_at`) VALUES ('86', '86', 'approved', '2002-12-30 03:15:08', '1994-04-12 01:01:46');
INSERT INTO `friend_requests` (`initiator_user_id`, `target_user_id`, `status`, `requested_at`, `confirmed_at`) VALUES ('87', '87', 'unfriended', '1986-09-21 14:39:15', '1983-01-12 08:45:52');
INSERT INTO `friend_requests` (`initiator_user_id`, `target_user_id`, `status`, `requested_at`, `confirmed_at`) VALUES ('88', '88', 'approved', '2016-04-07 15:14:00', '1990-03-04 19:19:55');
INSERT INTO `friend_requests` (`initiator_user_id`, `target_user_id`, `status`, `requested_at`, `confirmed_at`) VALUES ('89', '89', 'requested', '1991-07-06 09:07:58', '1971-08-05 23:31:27');
INSERT INTO `friend_requests` (`initiator_user_id`, `target_user_id`, `status`, `requested_at`, `confirmed_at`) VALUES ('90', '90', 'approved', '1989-01-25 23:46:37', '2007-05-19 12:26:06');
INSERT INTO `friend_requests` (`initiator_user_id`, `target_user_id`, `status`, `requested_at`, `confirmed_at`) VALUES ('91', '91', 'unfriended', '1984-08-04 19:57:05', '2008-04-15 13:58:11');
INSERT INTO `friend_requests` (`initiator_user_id`, `target_user_id`, `status`, `requested_at`, `confirmed_at`) VALUES ('92', '92', 'unfriended', '1972-12-18 15:29:48', '1989-02-04 11:37:55');
INSERT INTO `friend_requests` (`initiator_user_id`, `target_user_id`, `status`, `requested_at`, `confirmed_at`) VALUES ('93', '93', 'requested', '1990-10-02 16:44:31', '2015-07-07 23:59:09');
INSERT INTO `friend_requests` (`initiator_user_id`, `target_user_id`, `status`, `requested_at`, `confirmed_at`) VALUES ('94', '94', 'unfriended', '2010-09-30 12:34:00', '1988-12-12 02:39:33');
INSERT INTO `friend_requests` (`initiator_user_id`, `target_user_id`, `status`, `requested_at`, `confirmed_at`) VALUES ('95', '95', 'requested', '1991-07-22 06:07:48', '2009-06-11 20:24:20');
INSERT INTO `friend_requests` (`initiator_user_id`, `target_user_id`, `status`, `requested_at`, `confirmed_at`) VALUES ('96', '96', 'declined', '2003-01-01 20:04:41', '2016-07-07 14:44:21');
INSERT INTO `friend_requests` (`initiator_user_id`, `target_user_id`, `status`, `requested_at`, `confirmed_at`) VALUES ('97', '97', 'declined', '1983-04-11 04:23:35', '1989-06-17 14:05:40');
INSERT INTO `friend_requests` (`initiator_user_id`, `target_user_id`, `status`, `requested_at`, `confirmed_at`) VALUES ('98', '98', 'requested', '1995-04-13 07:50:54', '2001-04-10 05:10:22');
INSERT INTO `friend_requests` (`initiator_user_id`, `target_user_id`, `status`, `requested_at`, `confirmed_at`) VALUES ('99', '99', 'declined', '2011-11-12 02:07:01', '1984-11-22 19:09:02');
INSERT INTO `friend_requests` (`initiator_user_id`, `target_user_id`, `status`, `requested_at`, `confirmed_at`) VALUES ('100', '100', 'declined', '1995-03-31 01:03:15', '2008-06-05 07:23:50');


INSERT INTO `photo_albums` (`id`, `name`, `user_id`) VALUES ('1', 'nesciunt', '1');
INSERT INTO `photo_albums` (`id`, `name`, `user_id`) VALUES ('2', 'quae', '2');
INSERT INTO `photo_albums` (`id`, `name`, `user_id`) VALUES ('3', 'odio', '3');
INSERT INTO `photo_albums` (`id`, `name`, `user_id`) VALUES ('4', 'voluptas', '4');
INSERT INTO `photo_albums` (`id`, `name`, `user_id`) VALUES ('5', 'sunt', '5');
INSERT INTO `photo_albums` (`id`, `name`, `user_id`) VALUES ('6', 'temporibus', '6');
INSERT INTO `photo_albums` (`id`, `name`, `user_id`) VALUES ('7', 'doloribus', '7');
INSERT INTO `photo_albums` (`id`, `name`, `user_id`) VALUES ('8', 'et', '8');
INSERT INTO `photo_albums` (`id`, `name`, `user_id`) VALUES ('9', 'tempora', '9');
INSERT INTO `photo_albums` (`id`, `name`, `user_id`) VALUES ('10', 'aliquam', '10');
INSERT INTO `photo_albums` (`id`, `name`, `user_id`) VALUES ('11', 'quasi', '11');
INSERT INTO `photo_albums` (`id`, `name`, `user_id`) VALUES ('12', 'laboriosam', '12');
INSERT INTO `photo_albums` (`id`, `name`, `user_id`) VALUES ('13', 'corporis', '13');
INSERT INTO `photo_albums` (`id`, `name`, `user_id`) VALUES ('14', 'quod', '14');
INSERT INTO `photo_albums` (`id`, `name`, `user_id`) VALUES ('15', 'quia', '15');
INSERT INTO `photo_albums` (`id`, `name`, `user_id`) VALUES ('16', 'placeat', '16');
INSERT INTO `photo_albums` (`id`, `name`, `user_id`) VALUES ('17', 'est', '17');
INSERT INTO `photo_albums` (`id`, `name`, `user_id`) VALUES ('18', 'repellendus', '18');
INSERT INTO `photo_albums` (`id`, `name`, `user_id`) VALUES ('19', 'atque', '19');
INSERT INTO `photo_albums` (`id`, `name`, `user_id`) VALUES ('20', 'nulla', '20');
INSERT INTO `photo_albums` (`id`, `name`, `user_id`) VALUES ('21', 'repellendus', '21');
INSERT INTO `photo_albums` (`id`, `name`, `user_id`) VALUES ('22', 'numquam', '22');
INSERT INTO `photo_albums` (`id`, `name`, `user_id`) VALUES ('23', 'voluptate', '23');
INSERT INTO `photo_albums` (`id`, `name`, `user_id`) VALUES ('24', 'consequatur', '24');
INSERT INTO `photo_albums` (`id`, `name`, `user_id`) VALUES ('25', 'nulla', '25');
INSERT INTO `photo_albums` (`id`, `name`, `user_id`) VALUES ('26', 'perferendis', '26');
INSERT INTO `photo_albums` (`id`, `name`, `user_id`) VALUES ('27', 'fugit', '27');
INSERT INTO `photo_albums` (`id`, `name`, `user_id`) VALUES ('28', 'natus', '28');
INSERT INTO `photo_albums` (`id`, `name`, `user_id`) VALUES ('29', 'id', '29');
INSERT INTO `photo_albums` (`id`, `name`, `user_id`) VALUES ('30', 'autem', '30');
INSERT INTO `photo_albums` (`id`, `name`, `user_id`) VALUES ('31', 'ut', '31');
INSERT INTO `photo_albums` (`id`, `name`, `user_id`) VALUES ('32', 'sint', '32');
INSERT INTO `photo_albums` (`id`, `name`, `user_id`) VALUES ('33', 'deleniti', '33');
INSERT INTO `photo_albums` (`id`, `name`, `user_id`) VALUES ('34', 'et', '34');
INSERT INTO `photo_albums` (`id`, `name`, `user_id`) VALUES ('35', 'nihil', '35');
INSERT INTO `photo_albums` (`id`, `name`, `user_id`) VALUES ('36', 'omnis', '36');
INSERT INTO `photo_albums` (`id`, `name`, `user_id`) VALUES ('37', 'dicta', '37');
INSERT INTO `photo_albums` (`id`, `name`, `user_id`) VALUES ('38', 'expedita', '38');
INSERT INTO `photo_albums` (`id`, `name`, `user_id`) VALUES ('39', 'saepe', '39');
INSERT INTO `photo_albums` (`id`, `name`, `user_id`) VALUES ('40', 'sed', '40');
INSERT INTO `photo_albums` (`id`, `name`, `user_id`) VALUES ('41', 'possimus', '41');
INSERT INTO `photo_albums` (`id`, `name`, `user_id`) VALUES ('42', 'architecto', '42');
INSERT INTO `photo_albums` (`id`, `name`, `user_id`) VALUES ('43', 'nihil', '43');
INSERT INTO `photo_albums` (`id`, `name`, `user_id`) VALUES ('44', 'at', '44');
INSERT INTO `photo_albums` (`id`, `name`, `user_id`) VALUES ('45', 'blanditiis', '45');
INSERT INTO `photo_albums` (`id`, `name`, `user_id`) VALUES ('46', 'consequatur', '46');
INSERT INTO `photo_albums` (`id`, `name`, `user_id`) VALUES ('47', 'maiores', '47');
INSERT INTO `photo_albums` (`id`, `name`, `user_id`) VALUES ('48', 'voluptas', '48');
INSERT INTO `photo_albums` (`id`, `name`, `user_id`) VALUES ('49', 'veritatis', '49');
INSERT INTO `photo_albums` (`id`, `name`, `user_id`) VALUES ('50', 'velit', '50');
INSERT INTO `photo_albums` (`id`, `name`, `user_id`) VALUES ('51', 'soluta', '51');
INSERT INTO `photo_albums` (`id`, `name`, `user_id`) VALUES ('52', 'ea', '52');
INSERT INTO `photo_albums` (`id`, `name`, `user_id`) VALUES ('53', 'porro', '53');
INSERT INTO `photo_albums` (`id`, `name`, `user_id`) VALUES ('54', 'impedit', '54');
INSERT INTO `photo_albums` (`id`, `name`, `user_id`) VALUES ('55', 'perspiciatis', '55');
INSERT INTO `photo_albums` (`id`, `name`, `user_id`) VALUES ('56', 'nihil', '56');
INSERT INTO `photo_albums` (`id`, `name`, `user_id`) VALUES ('57', 'temporibus', '57');
INSERT INTO `photo_albums` (`id`, `name`, `user_id`) VALUES ('58', 'ut', '58');
INSERT INTO `photo_albums` (`id`, `name`, `user_id`) VALUES ('59', 'aut', '59');
INSERT INTO `photo_albums` (`id`, `name`, `user_id`) VALUES ('60', 'architecto', '60');
INSERT INTO `photo_albums` (`id`, `name`, `user_id`) VALUES ('61', 'et', '61');
INSERT INTO `photo_albums` (`id`, `name`, `user_id`) VALUES ('62', 'illo', '62');
INSERT INTO `photo_albums` (`id`, `name`, `user_id`) VALUES ('63', 'quasi', '63');
INSERT INTO `photo_albums` (`id`, `name`, `user_id`) VALUES ('64', 'quae', '64');
INSERT INTO `photo_albums` (`id`, `name`, `user_id`) VALUES ('65', 'accusamus', '65');
INSERT INTO `photo_albums` (`id`, `name`, `user_id`) VALUES ('66', 'quasi', '66');
INSERT INTO `photo_albums` (`id`, `name`, `user_id`) VALUES ('67', 'magnam', '67');
INSERT INTO `photo_albums` (`id`, `name`, `user_id`) VALUES ('68', 'assumenda', '68');
INSERT INTO `photo_albums` (`id`, `name`, `user_id`) VALUES ('69', 'quia', '69');
INSERT INTO `photo_albums` (`id`, `name`, `user_id`) VALUES ('70', 'vel', '70');
INSERT INTO `photo_albums` (`id`, `name`, `user_id`) VALUES ('71', 'non', '71');
INSERT INTO `photo_albums` (`id`, `name`, `user_id`) VALUES ('72', 'velit', '72');
INSERT INTO `photo_albums` (`id`, `name`, `user_id`) VALUES ('73', 'dolor', '73');
INSERT INTO `photo_albums` (`id`, `name`, `user_id`) VALUES ('74', 'eius', '74');
INSERT INTO `photo_albums` (`id`, `name`, `user_id`) VALUES ('75', 'sunt', '75');
INSERT INTO `photo_albums` (`id`, `name`, `user_id`) VALUES ('76', 'amet', '76');
INSERT INTO `photo_albums` (`id`, `name`, `user_id`) VALUES ('77', 'suscipit', '77');
INSERT INTO `photo_albums` (`id`, `name`, `user_id`) VALUES ('78', 'in', '78');
INSERT INTO `photo_albums` (`id`, `name`, `user_id`) VALUES ('79', 'ut', '79');
INSERT INTO `photo_albums` (`id`, `name`, `user_id`) VALUES ('80', 'quam', '80');
INSERT INTO `photo_albums` (`id`, `name`, `user_id`) VALUES ('81', 'accusantium', '81');
INSERT INTO `photo_albums` (`id`, `name`, `user_id`) VALUES ('82', 'unde', '82');
INSERT INTO `photo_albums` (`id`, `name`, `user_id`) VALUES ('83', 'est', '83');
INSERT INTO `photo_albums` (`id`, `name`, `user_id`) VALUES ('84', 'quidem', '84');
INSERT INTO `photo_albums` (`id`, `name`, `user_id`) VALUES ('85', 'ut', '85');
INSERT INTO `photo_albums` (`id`, `name`, `user_id`) VALUES ('86', 'sed', '86');
INSERT INTO `photo_albums` (`id`, `name`, `user_id`) VALUES ('87', 'quia', '87');
INSERT INTO `photo_albums` (`id`, `name`, `user_id`) VALUES ('88', 'quae', '88');
INSERT INTO `photo_albums` (`id`, `name`, `user_id`) VALUES ('89', 'nostrum', '89');
INSERT INTO `photo_albums` (`id`, `name`, `user_id`) VALUES ('90', 'voluptas', '90');
INSERT INTO `photo_albums` (`id`, `name`, `user_id`) VALUES ('91', 'amet', '91');
INSERT INTO `photo_albums` (`id`, `name`, `user_id`) VALUES ('92', 'aut', '92');
INSERT INTO `photo_albums` (`id`, `name`, `user_id`) VALUES ('93', 'voluptas', '93');
INSERT INTO `photo_albums` (`id`, `name`, `user_id`) VALUES ('94', 'aut', '94');
INSERT INTO `photo_albums` (`id`, `name`, `user_id`) VALUES ('95', 'quia', '95');
INSERT INTO `photo_albums` (`id`, `name`, `user_id`) VALUES ('96', 'hic', '96');
INSERT INTO `photo_albums` (`id`, `name`, `user_id`) VALUES ('97', 'mollitia', '97');
INSERT INTO `photo_albums` (`id`, `name`, `user_id`) VALUES ('98', 'ea', '98');
INSERT INTO `photo_albums` (`id`, `name`, `user_id`) VALUES ('99', 'ab', '99');
INSERT INTO `photo_albums` (`id`, `name`, `user_id`) VALUES ('100', 'incidunt', '100');


INSERT INTO `media` (`id`, `media_type_id`, `user_id`, `body`, `filename`, `size`, `metadata`, `created_at`, `updated_at`) VALUES ('1', '1', '1', 'Officiis et quo temporibus. Et quam delectus natus et et. Quo eum inventore sint tenetur soluta rerum hic.', 'veritatis', 0, NULL, '2000-09-18 18:45:56', '2016-05-07 22:53:41');
INSERT INTO `media` (`id`, `media_type_id`, `user_id`, `body`, `filename`, `size`, `metadata`, `created_at`, `updated_at`) VALUES ('2', '2', '2', 'Recusandae nulla veritatis provident quidem. Dolor ad saepe nam et aut nisi unde maiores.', 'doloribus', 7354, NULL, '2013-09-09 17:21:26', '1975-05-28 13:52:09');
INSERT INTO `media` (`id`, `media_type_id`, `user_id`, `body`, `filename`, `size`, `metadata`, `created_at`, `updated_at`) VALUES ('3', '3', '3', 'Laudantium aut iusto nobis accusamus consequatur tempora. Sequi rerum debitis ducimus dicta sint et minima et. Sequi illo sit quos id vero rem labore.', 'sit', 75, NULL, '1972-07-05 21:07:47', '1991-05-09 13:18:13');
INSERT INTO `media` (`id`, `media_type_id`, `user_id`, `body`, `filename`, `size`, `metadata`, `created_at`, `updated_at`) VALUES ('4', '4', '4', 'Nemo quis nulla est provident quia est. Ad excepturi ipsam consequatur necessitatibus exercitationem aperiam ipsa repellat. Accusantium quasi et illo minus accusamus quis consequatur.', 'occaecati', 0, NULL, '2015-04-29 13:45:29', '2014-08-08 01:15:02');
INSERT INTO `media` (`id`, `media_type_id`, `user_id`, `body`, `filename`, `size`, `metadata`, `created_at`, `updated_at`) VALUES ('5', '5', '5', 'Harum optio deleniti et. Corrupti iure quibusdam provident et quod. Amet et non sapiente enim molestiae. Nulla molestiae ut veritatis et sint.', 'dolorem', 83609126, NULL, '2000-02-08 20:20:10', '2010-04-25 20:19:59');
INSERT INTO `media` (`id`, `media_type_id`, `user_id`, `body`, `filename`, `size`, `metadata`, `created_at`, `updated_at`) VALUES ('6', '6', '6', 'Tempore voluptas nobis quae suscipit. Nisi placeat nesciunt commodi minima sunt. Amet voluptas quisquam velit aut id ut corrupti. Enim est sunt delectus et praesentium id.', 'qui', 0, NULL, '1980-03-31 15:17:33', '1999-10-14 18:50:43');
INSERT INTO `media` (`id`, `media_type_id`, `user_id`, `body`, `filename`, `size`, `metadata`, `created_at`, `updated_at`) VALUES ('7', '7', '7', 'Magnam doloremque sequi esse eum dicta id omnis. Sed consequatur fugiat sit omnis eos error consequatur sunt. Quia sunt repellat sed quia.', 'illum', 1381635, NULL, '2007-03-13 05:57:40', '1980-10-04 10:39:20');
INSERT INTO `media` (`id`, `media_type_id`, `user_id`, `body`, `filename`, `size`, `metadata`, `created_at`, `updated_at`) VALUES ('8', '8', '8', 'Et expedita minus corporis asperiores in id tempore. Et quia porro blanditiis odio quia aspernatur inventore ipsa. Dolorem quod aut autem velit. Facilis autem nostrum incidunt nisi et.', 'illum', 954331, NULL, '1976-02-17 19:06:24', '2001-11-17 13:42:45');
INSERT INTO `media` (`id`, `media_type_id`, `user_id`, `body`, `filename`, `size`, `metadata`, `created_at`, `updated_at`) VALUES ('9', '9', '9', 'Tempora omnis blanditiis voluptas autem nostrum est repellendus perferendis. Est molestiae quod dolorem illum tempore earum dolorem. Iusto quis maiores voluptate nostrum magnam. Debitis cumque nostrum reiciendis eum.', 'dolor', 3, NULL, '1995-08-23 06:43:41', '2018-01-28 03:59:44');
INSERT INTO `media` (`id`, `media_type_id`, `user_id`, `body`, `filename`, `size`, `metadata`, `created_at`, `updated_at`) VALUES ('10', '10', '10', 'Quo sed quia quo dolorum. Accusantium est aperiam veritatis eum architecto hic. Sed harum sed aperiam aut officiis optio exercitationem quas. Doloribus iusto deserunt occaecati in est minima.', 'ut', 9, NULL, '1990-02-09 22:19:05', '1992-03-14 00:05:11');
INSERT INTO `media` (`id`, `media_type_id`, `user_id`, `body`, `filename`, `size`, `metadata`, `created_at`, `updated_at`) VALUES ('11', '11', '11', 'Rem ipsa odit vel quia id dolor. Architecto alias corrupti excepturi in ea quas minima.', 'repudiandae', 261856, NULL, '1989-01-20 11:28:46', '2013-12-09 02:39:44');
INSERT INTO `media` (`id`, `media_type_id`, `user_id`, `body`, `filename`, `size`, `metadata`, `created_at`, `updated_at`) VALUES ('12', '12', '12', 'Deleniti vel quo consequatur iste commodi eum. Doloribus nihil minima qui laudantium. Itaque harum et id dolorem. Expedita ex aut minus quae atque aut amet. Repudiandae accusantium beatae aut nihil debitis architecto voluptate laudantium.', 'ex', 53693, NULL, '1986-03-25 04:18:49', '1982-10-09 23:51:25');
INSERT INTO `media` (`id`, `media_type_id`, `user_id`, `body`, `filename`, `size`, `metadata`, `created_at`, `updated_at`) VALUES ('13', '13', '13', 'Sed eius non soluta sed. Maiores nesciunt voluptate itaque omnis doloremque velit eius. Distinctio nulla at rerum autem. Ullam aperiam error nisi aut.', 'dignissimos', 1488438, NULL, '1984-03-08 15:13:30', '2017-08-11 14:28:48');
INSERT INTO `media` (`id`, `media_type_id`, `user_id`, `body`, `filename`, `size`, `metadata`, `created_at`, `updated_at`) VALUES ('14', '14', '14', 'Quisquam amet facere blanditiis maiores. Voluptates iusto occaecati ea sapiente consequatur. Perspiciatis impedit ab facilis recusandae ut minus necessitatibus eum. Eaque dolorem velit qui qui voluptas quam ullam.', 'eos', 2987, NULL, '1989-10-21 08:38:02', '1973-01-24 23:55:02');
INSERT INTO `media` (`id`, `media_type_id`, `user_id`, `body`, `filename`, `size`, `metadata`, `created_at`, `updated_at`) VALUES ('15', '15', '15', 'Id sequi quo consequuntur omnis. Exercitationem excepturi eaque blanditiis quos neque.', 'omnis', 597064, NULL, '2008-06-16 14:16:14', '2003-03-13 09:02:09');
INSERT INTO `media` (`id`, `media_type_id`, `user_id`, `body`, `filename`, `size`, `metadata`, `created_at`, `updated_at`) VALUES ('16', '16', '16', 'Illo necessitatibus blanditiis cupiditate ducimus suscipit in atque. Quam asperiores dicta quos perspiciatis. Maiores consequuntur qui et at.', 'ab', 53, NULL, '1995-10-29 07:11:13', '2015-06-13 04:47:52');
INSERT INTO `media` (`id`, `media_type_id`, `user_id`, `body`, `filename`, `size`, `metadata`, `created_at`, `updated_at`) VALUES ('17', '17', '17', 'Eum excepturi et tempora et. Porro dignissimos et occaecati officiis maxime voluptatem omnis. Aut voluptatibus aut et. Earum recusandae officiis dolore placeat debitis.', 'sit', 4, NULL, '1980-07-23 11:35:23', '1972-01-21 14:18:36');
INSERT INTO `media` (`id`, `media_type_id`, `user_id`, `body`, `filename`, `size`, `metadata`, `created_at`, `updated_at`) VALUES ('18', '18', '18', 'Vero blanditiis et sed sed deserunt quos corrupti. Deserunt enim et mollitia aspernatur ut molestiae debitis. Quam qui cumque quaerat sed et. Aut nihil similique aut nihil fuga quibusdam.', 'reprehenderit', 881700261, NULL, '1970-01-04 05:59:24', '1973-05-28 16:37:08');
INSERT INTO `media` (`id`, `media_type_id`, `user_id`, `body`, `filename`, `size`, `metadata`, `created_at`, `updated_at`) VALUES ('19', '19', '19', 'Praesentium eaque vel voluptas dolore. Quasi voluptas dolor natus eaque quasi provident laboriosam. Dolor qui minus delectus dolorem consequuntur. Voluptas excepturi quam expedita et molestiae autem commodi. Et doloremque officia nesciunt exercitationem quia a consectetur numquam.', 'debitis', 7, NULL, '1972-10-19 15:13:07', '2013-03-11 17:03:24');
INSERT INTO `media` (`id`, `media_type_id`, `user_id`, `body`, `filename`, `size`, `metadata`, `created_at`, `updated_at`) VALUES ('20', '20', '20', 'Quo numquam itaque totam accusamus autem quia. Voluptatibus nihil maiores laborum optio. Reprehenderit cupiditate voluptatem tempora perferendis cupiditate est voluptatem.', 'non', 711306091, NULL, '1975-03-17 08:21:29', '1976-11-26 01:04:46');
INSERT INTO `media` (`id`, `media_type_id`, `user_id`, `body`, `filename`, `size`, `metadata`, `created_at`, `updated_at`) VALUES ('21', '21', '21', 'Quo iusto autem eos non. Optio repudiandae debitis earum rerum. Voluptatibus quisquam est voluptates.', 'placeat', 301, NULL, '2000-09-04 10:34:48', '1981-07-31 10:33:46');
INSERT INTO `media` (`id`, `media_type_id`, `user_id`, `body`, `filename`, `size`, `metadata`, `created_at`, `updated_at`) VALUES ('22', '22', '22', 'Distinctio autem praesentium officiis sapiente. Vitae aperiam at quas labore id. Non qui eaque nostrum unde consequatur.', 'fugit', 45, NULL, '2014-08-22 11:43:29', '2017-06-14 08:11:54');
INSERT INTO `media` (`id`, `media_type_id`, `user_id`, `body`, `filename`, `size`, `metadata`, `created_at`, `updated_at`) VALUES ('23', '23', '23', 'Nulla qui at rerum consequuntur. Neque consequatur quas natus non ipsam. Ut explicabo qui cupiditate minima officiis repellendus. Et voluptatem qui velit. Cupiditate debitis deserunt quia repudiandae sunt impedit.', 'tenetur', 364, NULL, '2005-02-09 04:34:54', '2011-03-28 22:25:50');
INSERT INTO `media` (`id`, `media_type_id`, `user_id`, `body`, `filename`, `size`, `metadata`, `created_at`, `updated_at`) VALUES ('24', '24', '24', 'Illum vel accusantium in dignissimos nobis incidunt eius. Non blanditiis qui labore sit eum reiciendis. Voluptates nisi velit et. Commodi inventore voluptas non eum non ratione.', 'quae', 0, NULL, '1970-02-05 16:01:18', '1996-01-21 20:26:33');
INSERT INTO `media` (`id`, `media_type_id`, `user_id`, `body`, `filename`, `size`, `metadata`, `created_at`, `updated_at`) VALUES ('25', '25', '25', 'Saepe libero reprehenderit tempora aut sunt dolorem. Assumenda aut earum ut totam. Voluptate rem fuga et quidem velit quibusdam.', 'nihil', 250730274, NULL, '1985-07-07 01:33:04', '1983-03-17 06:14:51');
INSERT INTO `media` (`id`, `media_type_id`, `user_id`, `body`, `filename`, `size`, `metadata`, `created_at`, `updated_at`) VALUES ('26', '26', '26', 'Et architecto qui voluptas qui. Sunt quo aut quia laudantium aut quis.', 'iure', 43359140, NULL, '1982-05-18 21:54:52', '1971-07-13 02:50:21');
INSERT INTO `media` (`id`, `media_type_id`, `user_id`, `body`, `filename`, `size`, `metadata`, `created_at`, `updated_at`) VALUES ('27', '27', '27', 'Corporis est nulla tenetur nostrum vel dolore. Assumenda fugit repudiandae dolorem labore. Eum debitis dolores excepturi ratione. Nesciunt eveniet autem nobis.', 'soluta', 51263, NULL, '2006-11-18 22:29:01', '1977-04-13 22:29:21');
INSERT INTO `media` (`id`, `media_type_id`, `user_id`, `body`, `filename`, `size`, `metadata`, `created_at`, `updated_at`) VALUES ('28', '28', '28', 'Eaque modi dolorum ut nemo qui modi. Ut quidem molestias qui officia consectetur velit quis. Aut quia sint nostrum odio possimus eum deleniti. At est et illo voluptatibus.', 'recusandae', 227879870, NULL, '2012-07-22 08:44:40', '1976-12-14 19:41:14');
INSERT INTO `media` (`id`, `media_type_id`, `user_id`, `body`, `filename`, `size`, `metadata`, `created_at`, `updated_at`) VALUES ('29', '29', '29', 'Aliquid fugit quibusdam mollitia et sunt asperiores rem. Alias voluptatibus odio blanditiis est omnis. Qui consequatur aut fuga quis natus consequatur sit. Voluptatem rem autem minus quod in qui est culpa.', 'ut', 1425031, NULL, '2003-02-20 16:29:40', '1991-02-16 12:19:51');
INSERT INTO `media` (`id`, `media_type_id`, `user_id`, `body`, `filename`, `size`, `metadata`, `created_at`, `updated_at`) VALUES ('30', '30', '30', 'Voluptatum ut corrupti iste esse et unde. Suscipit inventore sed dolores tempore nulla aliquam optio. Voluptas autem quia est. Voluptatem nisi doloremque vel aut quis quo.', 'et', 83536, NULL, '1983-06-02 11:12:18', '2010-09-03 04:32:01');
INSERT INTO `media` (`id`, `media_type_id`, `user_id`, `body`, `filename`, `size`, `metadata`, `created_at`, `updated_at`) VALUES ('31', '31', '31', 'Iure nam laborum magnam dolorum ullam soluta. Ex est asperiores molestias tempora. Autem libero iusto incidunt nihil dolore. Quaerat ullam cum quidem earum rerum. Quas consectetur excepturi itaque neque hic ut.', 'autem', 1335497, NULL, '2017-02-01 00:26:36', '1985-06-02 22:21:50');
INSERT INTO `media` (`id`, `media_type_id`, `user_id`, `body`, `filename`, `size`, `metadata`, `created_at`, `updated_at`) VALUES ('32', '32', '32', 'Voluptatem qui dolorem dolor vitae neque nihil. Fugit eos aut officiis. Dignissimos rerum autem harum.', 'nam', 653, NULL, '1972-03-11 17:53:38', '2006-04-30 04:01:33');
INSERT INTO `media` (`id`, `media_type_id`, `user_id`, `body`, `filename`, `size`, `metadata`, `created_at`, `updated_at`) VALUES ('33', '33', '33', 'Hic cum nostrum fuga perferendis nesciunt eligendi quia. Consectetur nulla repellat qui dolore repellendus neque non. Aliquid natus saepe eveniet similique sit dolores. Culpa numquam nihil autem quo neque.', 'qui', 583860673, NULL, '1972-12-24 18:08:16', '1986-04-27 08:19:08');
INSERT INTO `media` (`id`, `media_type_id`, `user_id`, `body`, `filename`, `size`, `metadata`, `created_at`, `updated_at`) VALUES ('34', '34', '34', 'Vitae praesentium enim mollitia maiores est laboriosam et labore. Laborum vitae aut aut eveniet et cum provident. Sint ut harum porro ea totam. Dolorum et aut enim aut. Ipsam possimus aut molestiae omnis mollitia ullam rem labore.', 'saepe', 48444, NULL, '1970-10-29 21:14:25', '1974-06-12 14:02:18');
INSERT INTO `media` (`id`, `media_type_id`, `user_id`, `body`, `filename`, `size`, `metadata`, `created_at`, `updated_at`) VALUES ('35', '35', '35', 'Quaerat in nobis ipsum non consectetur quis eaque. Eum quas officia et quisquam adipisci quia. Accusamus est nisi perferendis voluptas esse sed temporibus.', 'quia', 9182, NULL, '1970-05-23 16:09:38', '2001-10-30 01:27:42');
INSERT INTO `media` (`id`, `media_type_id`, `user_id`, `body`, `filename`, `size`, `metadata`, `created_at`, `updated_at`) VALUES ('36', '36', '36', 'Ut vel ut velit. Fugiat nobis voluptatum laudantium maxime. Praesentium iure minima expedita.', 'omnis', 789, NULL, '1987-03-19 05:23:08', '1999-09-15 14:42:06');
INSERT INTO `media` (`id`, `media_type_id`, `user_id`, `body`, `filename`, `size`, `metadata`, `created_at`, `updated_at`) VALUES ('37', '37', '37', 'Consequatur aut vel quibusdam et labore sit quas. Natus non sit doloribus fugiat quisquam ipsa dolor vero. Porro rerum cum vero unde sequi nesciunt.', 'praesentium', 44, NULL, '2017-01-04 13:35:55', '2017-09-23 12:25:51');
INSERT INTO `media` (`id`, `media_type_id`, `user_id`, `body`, `filename`, `size`, `metadata`, `created_at`, `updated_at`) VALUES ('38', '38', '38', 'Dolores ipsa ex ratione quia et. Iste voluptatem magni est sint voluptatem. Laborum cum perspiciatis at voluptas. Quia et et voluptatem reprehenderit.', 'ipsum', 305354, NULL, '2006-04-18 00:39:03', '1998-01-18 06:29:07');
INSERT INTO `media` (`id`, `media_type_id`, `user_id`, `body`, `filename`, `size`, `metadata`, `created_at`, `updated_at`) VALUES ('39', '39', '39', 'Impedit similique et et praesentium voluptas non voluptatem. Occaecati et excepturi id ullam atque quos provident. Autem necessitatibus ut voluptatem fugiat. Occaecati perferendis voluptatem saepe maxime aut eius illo.', 'veniam', 981606309, NULL, '2006-12-02 01:23:47', '2008-11-11 01:39:03');
INSERT INTO `media` (`id`, `media_type_id`, `user_id`, `body`, `filename`, `size`, `metadata`, `created_at`, `updated_at`) VALUES ('40', '40', '40', 'Rerum dolores sapiente adipisci consequatur atque. Assumenda sit atque maxime facere.', 'dignissimos', 83, NULL, '1978-08-17 19:58:59', '1974-02-20 04:09:32');
INSERT INTO `media` (`id`, `media_type_id`, `user_id`, `body`, `filename`, `size`, `metadata`, `created_at`, `updated_at`) VALUES ('41', '41', '41', 'Rerum modi consequatur sit aut asperiores nisi pariatur. Inventore laboriosam consectetur necessitatibus sit repudiandae est molestiae. Non ullam iure provident voluptas voluptatem et commodi. Voluptas vel doloremque porro ut modi non qui.', 'sed', 7597, NULL, '1975-04-07 04:32:08', '1986-02-13 12:59:11');
INSERT INTO `media` (`id`, `media_type_id`, `user_id`, `body`, `filename`, `size`, `metadata`, `created_at`, `updated_at`) VALUES ('42', '42', '42', 'Nisi quasi et et error molestiae perferendis. Iste alias pariatur maxime sit commodi dolor. Atque sit eaque ea accusamus.', 'amet', 62368, NULL, '1991-06-12 16:13:31', '1990-11-13 02:28:28');
INSERT INTO `media` (`id`, `media_type_id`, `user_id`, `body`, `filename`, `size`, `metadata`, `created_at`, `updated_at`) VALUES ('43', '43', '43', 'Excepturi eum nisi voluptas distinctio voluptates deserunt. Nisi voluptas consequatur odio qui voluptas qui voluptatem.', 'nihil', 2303, NULL, '1974-01-14 20:52:56', '1979-08-27 07:14:25');
INSERT INTO `media` (`id`, `media_type_id`, `user_id`, `body`, `filename`, `size`, `metadata`, `created_at`, `updated_at`) VALUES ('44', '44', '44', 'Voluptatem ab est architecto sed officiis nihil repudiandae porro. Voluptas nobis voluptas odio qui ea consequuntur impedit. In quisquam ea at enim vitae eaque. Sit harum nihil odit unde eaque sed.', 'optio', 549, NULL, '2007-11-22 09:51:30', '1988-11-19 23:04:05');
INSERT INTO `media` (`id`, `media_type_id`, `user_id`, `body`, `filename`, `size`, `metadata`, `created_at`, `updated_at`) VALUES ('45', '45', '45', 'Placeat ratione facilis cum quia. Eum dolorem earum quibusdam. Rerum doloribus officia nostrum labore. Dolorum placeat qui natus quia est optio.', 'dignissimos', 4377, NULL, '2006-08-17 23:07:39', '1978-06-06 08:43:56');
INSERT INTO `media` (`id`, `media_type_id`, `user_id`, `body`, `filename`, `size`, `metadata`, `created_at`, `updated_at`) VALUES ('46', '46', '46', 'Quod corporis qui incidunt tenetur suscipit. Et sint facilis quia voluptatem ipsam sint quis. Quo assumenda eaque nihil alias. Perferendis dolores eos necessitatibus esse. Molestias ullam perferendis sint quae sequi.', 'quae', 229259696, NULL, '1970-08-14 18:57:29', '2011-06-03 21:27:14');
INSERT INTO `media` (`id`, `media_type_id`, `user_id`, `body`, `filename`, `size`, `metadata`, `created_at`, `updated_at`) VALUES ('47', '47', '47', 'Temporibus qui iure reprehenderit tempore placeat fugiat tempora. Quas est fugit natus temporibus. Consequatur at sit debitis expedita magnam voluptate.', 'suscipit', 9, NULL, '2007-01-05 06:09:14', '1986-10-14 20:07:21');
INSERT INTO `media` (`id`, `media_type_id`, `user_id`, `body`, `filename`, `size`, `metadata`, `created_at`, `updated_at`) VALUES ('48', '48', '48', 'Autem vel dolor ex et sit. Et ut dolores voluptates non. Consectetur sint tempore vel nam.', 'quam', 89140, NULL, '1999-08-30 16:56:53', '1981-12-22 12:01:47');
INSERT INTO `media` (`id`, `media_type_id`, `user_id`, `body`, `filename`, `size`, `metadata`, `created_at`, `updated_at`) VALUES ('49', '49', '49', 'Sapiente excepturi facilis occaecati ipsum earum. Eius dolorem est enim sint harum et dolores quia. Iusto omnis eveniet sed molestias vero et et. Illum accusamus maiores exercitationem quos perspiciatis.', 'quibusdam', 2312500, NULL, '1975-01-22 00:29:23', '1995-02-19 05:54:29');
INSERT INTO `media` (`id`, `media_type_id`, `user_id`, `body`, `filename`, `size`, `metadata`, `created_at`, `updated_at`) VALUES ('50', '50', '50', 'Velit animi tempore quas distinctio asperiores voluptas. Eos atque reiciendis dolor eius. Fuga commodi cum dolore vitae inventore quibusdam aperiam.', 'distinctio', 3197299, NULL, '1998-08-11 04:46:14', '1989-01-09 15:05:08');
INSERT INTO `media` (`id`, `media_type_id`, `user_id`, `body`, `filename`, `size`, `metadata`, `created_at`, `updated_at`) VALUES ('51', '51', '51', 'Et atque iusto odio autem ullam rerum. Velit consectetur in fuga dolores eligendi culpa similique. Natus ab necessitatibus autem dolorum.', 'aliquid', 396264449, NULL, '1972-07-27 09:14:04', '1990-07-17 17:00:45');
INSERT INTO `media` (`id`, `media_type_id`, `user_id`, `body`, `filename`, `size`, `metadata`, `created_at`, `updated_at`) VALUES ('52', '52', '52', 'Expedita aut amet eum ex. Laboriosam alias minima facilis sed ducimus. Autem in accusamus voluptatem. Accusamus enim et dicta.', 'ducimus', 1816935, NULL, '2008-09-18 20:19:11', '2006-04-24 17:58:33');
INSERT INTO `media` (`id`, `media_type_id`, `user_id`, `body`, `filename`, `size`, `metadata`, `created_at`, `updated_at`) VALUES ('53', '53', '53', 'Ut aut sed ea. Odit numquam possimus eius repellendus sint. Dignissimos et dolorem aut facilis non inventore repudiandae. Et et est non voluptate voluptatem.', 'et', 84, NULL, '1987-10-09 05:56:47', '1995-12-16 12:56:02');
INSERT INTO `media` (`id`, `media_type_id`, `user_id`, `body`, `filename`, `size`, `metadata`, `created_at`, `updated_at`) VALUES ('54', '54', '54', 'Commodi error dolores et nisi laudantium et vitae. Commodi voluptatem distinctio reprehenderit repellendus ex fugit sit non. Rerum delectus modi similique tempora.', 'cumque', 0, NULL, '1997-02-15 13:25:21', '1999-02-12 10:22:44');
INSERT INTO `media` (`id`, `media_type_id`, `user_id`, `body`, `filename`, `size`, `metadata`, `created_at`, `updated_at`) VALUES ('55', '55', '55', 'Voluptate id ut consequatur et voluptas voluptates aut. Quibusdam debitis praesentium id eos nemo quas. Sint et eligendi consequatur recusandae. Voluptas et porro voluptatum eum velit repellendus aut in. Soluta sint sint sit iste sed laudantium doloribus enim.', 'repudiandae', 8279, NULL, '2009-11-02 16:32:33', '1998-01-26 15:20:09');
INSERT INTO `media` (`id`, `media_type_id`, `user_id`, `body`, `filename`, `size`, `metadata`, `created_at`, `updated_at`) VALUES ('56', '56', '56', 'Corporis temporibus voluptas eaque rerum. Temporibus quia officia libero commodi. Nulla quo voluptates quia nesciunt. Ratione sed excepturi perspiciatis aut adipisci.', 'repellendus', 0, NULL, '1984-03-13 23:44:06', '1981-01-21 18:30:48');
INSERT INTO `media` (`id`, `media_type_id`, `user_id`, `body`, `filename`, `size`, `metadata`, `created_at`, `updated_at`) VALUES ('57', '57', '57', 'Praesentium animi id suscipit et omnis repudiandae et. Nemo aut error cum a earum pariatur. Nemo voluptatem qui laboriosam sapiente ut ut amet. Eos tempora inventore et quo at porro aperiam.', 'dolores', 0, NULL, '1987-07-24 16:20:14', '1993-01-08 01:04:45');
INSERT INTO `media` (`id`, `media_type_id`, `user_id`, `body`, `filename`, `size`, `metadata`, `created_at`, `updated_at`) VALUES ('58', '58', '58', 'Similique voluptatum quia cum aut cum assumenda. Tempore laudantium et eum natus aspernatur deleniti. Quas dolorem nisi ipsam rem. Ipsum sit dolores corrupti eos perferendis explicabo qui.', 'omnis', 7, NULL, '2000-06-20 22:02:55', '1975-07-18 04:03:57');
INSERT INTO `media` (`id`, `media_type_id`, `user_id`, `body`, `filename`, `size`, `metadata`, `created_at`, `updated_at`) VALUES ('59', '59', '59', 'Laborum blanditiis possimus repudiandae aut repudiandae nostrum assumenda voluptas. Quia rerum consequatur in dolores ut aut. Voluptatem et alias voluptas enim aut natus.', 'sunt', 1525025, NULL, '1988-10-04 19:34:31', '2014-05-27 00:51:04');
INSERT INTO `media` (`id`, `media_type_id`, `user_id`, `body`, `filename`, `size`, `metadata`, `created_at`, `updated_at`) VALUES ('60', '60', '60', 'Blanditiis laboriosam magnam et vel. Et aliquam magnam occaecati neque. Ipsum at harum aut quia rerum earum dolorum cumque.', 'sit', 33252971, NULL, '1977-01-02 17:51:25', '2016-08-02 10:23:00');
INSERT INTO `media` (`id`, `media_type_id`, `user_id`, `body`, `filename`, `size`, `metadata`, `created_at`, `updated_at`) VALUES ('61', '61', '61', 'Minus et nemo dicta corporis neque dolorem omnis. Voluptate repudiandae ut iusto dolorem. Aut vel dolores eaque sed dolores voluptas. Est et quas qui.', 'earum', 844, NULL, '1978-02-10 19:54:16', '2017-09-17 00:35:25');
INSERT INTO `media` (`id`, `media_type_id`, `user_id`, `body`, `filename`, `size`, `metadata`, `created_at`, `updated_at`) VALUES ('62', '62', '62', 'Laborum maxime consequatur ut in quisquam eligendi voluptatem. Qui corrupti nostrum provident. Provident non officiis ea rerum. Dolor et sint minus qui.', 'accusamus', 0, NULL, '1993-10-19 00:38:07', '2019-03-10 18:31:14');
INSERT INTO `media` (`id`, `media_type_id`, `user_id`, `body`, `filename`, `size`, `metadata`, `created_at`, `updated_at`) VALUES ('63', '63', '63', 'Beatae architecto omnis cupiditate quas aut. Incidunt placeat dolorum et. Vitae quisquam at accusantium accusamus quisquam deleniti et consequuntur. Quia quae vel inventore.', 'in', 72, NULL, '1989-06-28 23:12:42', '1978-01-03 08:12:50');
INSERT INTO `media` (`id`, `media_type_id`, `user_id`, `body`, `filename`, `size`, `metadata`, `created_at`, `updated_at`) VALUES ('64', '64', '64', 'Et possimus eum nobis cupiditate recusandae deserunt sed. Voluptatum possimus vel corrupti ad maiores autem. Et numquam soluta exercitationem hic in soluta quo. Harum facere ea esse a debitis fuga.', 'adipisci', 872, NULL, '2002-05-13 04:41:59', '1972-06-04 21:26:42');
INSERT INTO `media` (`id`, `media_type_id`, `user_id`, `body`, `filename`, `size`, `metadata`, `created_at`, `updated_at`) VALUES ('65', '65', '65', 'Ut ex expedita modi modi nihil. Alias autem corporis velit.', 'consectetur', 324, NULL, '1985-05-08 08:29:38', '1976-02-13 22:21:21');
INSERT INTO `media` (`id`, `media_type_id`, `user_id`, `body`, `filename`, `size`, `metadata`, `created_at`, `updated_at`) VALUES ('66', '66', '66', 'Odit enim qui sed magni. Ipsum asperiores sunt dicta rerum. Enim magni maiores maxime ipsum voluptatibus magnam.', 'et', 119821154, NULL, '2016-07-18 21:43:02', '1978-01-09 03:01:06');
INSERT INTO `media` (`id`, `media_type_id`, `user_id`, `body`, `filename`, `size`, `metadata`, `created_at`, `updated_at`) VALUES ('67', '67', '67', 'Odio est rem quo. Dignissimos sed et libero nulla culpa quia et. Et deleniti expedita molestiae cum vel. Eaque nisi similique saepe sunt est. Sit aut dolorem iusto.', 'placeat', 986158, NULL, '1987-01-28 17:41:14', '1972-12-18 21:09:20');
INSERT INTO `media` (`id`, `media_type_id`, `user_id`, `body`, `filename`, `size`, `metadata`, `created_at`, `updated_at`) VALUES ('68', '68', '68', 'Voluptatibus qui enim perspiciatis atque aut sed. Id nulla tempora quia recusandae voluptatem ullam. Sunt dolor est facere rerum est omnis ducimus. Deleniti perspiciatis autem veniam sint ea ipsa in. Ut necessitatibus ea voluptatibus libero autem.', 'dicta', 0, NULL, '1987-10-07 04:52:42', '1990-11-17 07:12:52');
INSERT INTO `media` (`id`, `media_type_id`, `user_id`, `body`, `filename`, `size`, `metadata`, `created_at`, `updated_at`) VALUES ('69', '69', '69', 'Ipsa eum ex suscipit ut. Et et incidunt temporibus perspiciatis velit. Alias id et facere ut alias.', 'voluptatem', 428119, NULL, '1981-07-24 20:13:10', '2005-09-29 17:44:02');
INSERT INTO `media` (`id`, `media_type_id`, `user_id`, `body`, `filename`, `size`, `metadata`, `created_at`, `updated_at`) VALUES ('70', '70', '70', 'Nihil aspernatur reiciendis ab sint. Et voluptatibus quis dolor expedita quaerat quo. Sunt odio quas assumenda non aut eligendi. Minus et cum officiis repellat et reiciendis.', 'error', 9917289, NULL, '1976-09-24 10:29:15', '2015-09-01 00:03:11');
INSERT INTO `media` (`id`, `media_type_id`, `user_id`, `body`, `filename`, `size`, `metadata`, `created_at`, `updated_at`) VALUES ('71', '71', '71', 'Sunt id sit laborum. Quam consequatur enim dolores consequuntur aspernatur nihil. Reiciendis nam recusandae expedita assumenda exercitationem.', 'est', 388322, NULL, '1985-04-16 14:43:18', '1981-06-23 14:45:04');
INSERT INTO `media` (`id`, `media_type_id`, `user_id`, `body`, `filename`, `size`, `metadata`, `created_at`, `updated_at`) VALUES ('72', '72', '72', 'Perspiciatis ut et quasi quae est. Non quia deserunt vero sed. Blanditiis modi laboriosam et ullam. Et rerum iusto officia maxime numquam est.', 'sint', 10618487, NULL, '1976-10-22 20:53:43', '1995-11-26 01:22:44');
INSERT INTO `media` (`id`, `media_type_id`, `user_id`, `body`, `filename`, `size`, `metadata`, `created_at`, `updated_at`) VALUES ('73', '73', '73', 'Voluptas qui et voluptatibus dolorum asperiores itaque sequi eos. Doloremque aut dolorem facilis consequatur aut veritatis reiciendis.', 'sint', 3732, NULL, '1985-11-13 20:08:13', '1982-08-18 15:32:04');
INSERT INTO `media` (`id`, `media_type_id`, `user_id`, `body`, `filename`, `size`, `metadata`, `created_at`, `updated_at`) VALUES ('74', '74', '74', 'Minus porro sed et occaecati ducimus. Voluptas recusandae cumque suscipit quae. Aut autem quo animi et reiciendis voluptatem. Sequi illo libero ipsa saepe dicta adipisci.', 'quo', 2603998, NULL, '1979-12-22 14:49:47', '2019-02-26 06:33:09');
INSERT INTO `media` (`id`, `media_type_id`, `user_id`, `body`, `filename`, `size`, `metadata`, `created_at`, `updated_at`) VALUES ('75', '75', '75', 'Dolorem dignissimos ut ullam consequatur non eius veniam. Sit harum atque qui quia minus laborum id. Praesentium qui nihil et. Exercitationem nihil labore nesciunt debitis possimus assumenda.', 'nihil', 48482748, NULL, '2013-11-07 01:05:16', '1996-03-22 23:52:46');
INSERT INTO `media` (`id`, `media_type_id`, `user_id`, `body`, `filename`, `size`, `metadata`, `created_at`, `updated_at`) VALUES ('76', '76', '76', 'Asperiores pariatur odio est quis voluptatem. Enim accusantium et laboriosam vero velit voluptas explicabo. Dolor architecto id tenetur aut.', 'architecto', 26843, NULL, '1986-12-20 06:49:02', '1973-04-15 09:26:33');
INSERT INTO `media` (`id`, `media_type_id`, `user_id`, `body`, `filename`, `size`, `metadata`, `created_at`, `updated_at`) VALUES ('77', '77', '77', 'Qui aspernatur atque aliquam. Incidunt velit similique est dolores iure explicabo. Veritatis esse sit est voluptatem neque recusandae. Quia ratione repellat ipsam eligendi corporis. Doloremque sed ex est aliquam natus.', 'dolorem', 6576439, NULL, '2014-04-11 15:58:00', '1971-06-06 09:02:33');
INSERT INTO `media` (`id`, `media_type_id`, `user_id`, `body`, `filename`, `size`, `metadata`, `created_at`, `updated_at`) VALUES ('78', '78', '78', 'Adipisci recusandae exercitationem eius molestias. Mollitia deleniti iusto officia aperiam qui dolor.', 'est', 155960298, NULL, '1976-09-07 06:23:18', '1986-04-14 13:58:10');
INSERT INTO `media` (`id`, `media_type_id`, `user_id`, `body`, `filename`, `size`, `metadata`, `created_at`, `updated_at`) VALUES ('79', '79', '79', 'Fugit qui consequatur at et commodi sunt. Quasi beatae nulla hic libero repellendus sit iusto. Officia explicabo odit quis nam adipisci reiciendis. Et laborum iste incidunt quia veniam rerum perferendis deleniti. Libero vero quibusdam odio reprehenderit.', 'nostrum', 765680134, NULL, '1970-06-24 11:20:47', '1993-10-03 18:46:44');
INSERT INTO `media` (`id`, `media_type_id`, `user_id`, `body`, `filename`, `size`, `metadata`, `created_at`, `updated_at`) VALUES ('80', '80', '80', 'Reiciendis doloremque beatae deleniti cupiditate fuga. Qui aut sint esse autem. Nostrum at pariatur omnis ab odio dolorum eveniet. Soluta corrupti officiis voluptatem ut.', 'repellat', 669, NULL, '1999-08-23 01:02:58', '1982-05-23 07:43:29');
INSERT INTO `media` (`id`, `media_type_id`, `user_id`, `body`, `filename`, `size`, `metadata`, `created_at`, `updated_at`) VALUES ('81', '81', '81', 'Autem dolore ducimus minima. In quis voluptatem aut nihil dolore nam consequatur. At illo aliquam cumque doloremque qui excepturi.', 'aut', 9579, NULL, '1980-09-26 00:17:00', '1984-03-02 06:53:06');
INSERT INTO `media` (`id`, `media_type_id`, `user_id`, `body`, `filename`, `size`, `metadata`, `created_at`, `updated_at`) VALUES ('82', '82', '82', 'Ipsum in repellat eius saepe ullam quod animi. Cumque architecto et accusamus quaerat in modi. Ut ut soluta inventore rerum.', 'occaecati', 0, NULL, '2012-12-16 19:06:42', '1979-02-16 00:21:07');
INSERT INTO `media` (`id`, `media_type_id`, `user_id`, `body`, `filename`, `size`, `metadata`, `created_at`, `updated_at`) VALUES ('83', '83', '83', 'Officia dolorem assumenda nihil non autem in rem. Laboriosam quia ut velit. Consequuntur est et omnis et.', 'a', 37614972, NULL, '2008-06-15 02:04:53', '2007-01-20 13:09:56');
INSERT INTO `media` (`id`, `media_type_id`, `user_id`, `body`, `filename`, `size`, `metadata`, `created_at`, `updated_at`) VALUES ('84', '84', '84', 'Unde iste earum accusantium aut. Voluptatem libero quia dolore et laborum ea unde. Et fuga ut nobis qui. Magni et dolorem tempora deleniti.', 'quis', 93018, NULL, '2003-07-26 07:30:30', '2004-05-18 23:03:54');
INSERT INTO `media` (`id`, `media_type_id`, `user_id`, `body`, `filename`, `size`, `metadata`, `created_at`, `updated_at`) VALUES ('85', '85', '85', 'Facere fugiat enim qui delectus. Et tempora eligendi et sint. Eius reiciendis consequuntur sed adipisci dolorum voluptatem.', 'voluptas', 7048, NULL, '1972-03-09 15:57:07', '2008-05-17 00:24:26');
INSERT INTO `media` (`id`, `media_type_id`, `user_id`, `body`, `filename`, `size`, `metadata`, `created_at`, `updated_at`) VALUES ('86', '86', '86', 'Atque ipsam dolorum quo dicta facere quaerat. Libero nam delectus libero est ea qui sapiente. Sint quos occaecati consectetur aut dolorem.', 'id', 1692, NULL, '2007-05-14 06:54:23', '1998-12-03 17:11:33');
INSERT INTO `media` (`id`, `media_type_id`, `user_id`, `body`, `filename`, `size`, `metadata`, `created_at`, `updated_at`) VALUES ('87', '87', '87', 'In vel qui nihil dolorem. Modi perferendis occaecati cum qui omnis. Quia ducimus ut totam odio quo possimus. Nulla dolorum aut eos ratione.', 'rem', 343439545, NULL, '1975-04-15 06:55:36', '2003-09-17 12:37:01');
INSERT INTO `media` (`id`, `media_type_id`, `user_id`, `body`, `filename`, `size`, `metadata`, `created_at`, `updated_at`) VALUES ('88', '88', '88', 'Numquam illo quidem nemo optio accusantium eligendi est. Voluptatem doloribus accusamus est id et laudantium accusamus autem. Sed aliquid dolor ducimus saepe expedita qui. Ex ex iure odio doloremque eius officia natus.', 'nemo', 30106, NULL, '1973-12-27 21:34:41', '1990-05-30 17:57:16');
INSERT INTO `media` (`id`, `media_type_id`, `user_id`, `body`, `filename`, `size`, `metadata`, `created_at`, `updated_at`) VALUES ('89', '89', '89', 'Illum aperiam consequatur distinctio itaque quod aperiam. Aut temporibus pariatur eos vel aut ea. Dolorem tempore assumenda ab sint consequatur animi veniam.', 'odit', 232, NULL, '1971-03-27 09:06:05', '1987-02-23 01:10:21');
INSERT INTO `media` (`id`, `media_type_id`, `user_id`, `body`, `filename`, `size`, `metadata`, `created_at`, `updated_at`) VALUES ('90', '90', '90', 'Commodi consequatur blanditiis non unde officiis possimus. Voluptatum rerum sunt veniam. Porro aperiam ut inventore quaerat. Voluptas pariatur qui neque autem aspernatur.', 'labore', 4714, NULL, '1979-06-05 14:15:40', '1975-11-02 19:36:04');
INSERT INTO `media` (`id`, `media_type_id`, `user_id`, `body`, `filename`, `size`, `metadata`, `created_at`, `updated_at`) VALUES ('91', '91', '91', 'Est tempora mollitia at consequuntur qui mollitia non. Veritatis quia minima dolor dolores placeat dolorem fugiat eos. Ut consectetur illo quo enim.', 'porro', 3, NULL, '1977-05-23 07:19:45', '2002-02-16 23:58:40');
INSERT INTO `media` (`id`, `media_type_id`, `user_id`, `body`, `filename`, `size`, `metadata`, `created_at`, `updated_at`) VALUES ('92', '92', '92', 'Nulla consequatur dignissimos reprehenderit in debitis unde est. Odio distinctio occaecati omnis assumenda enim qui dolor sit. Corporis facere delectus iusto voluptatem. Omnis tempora rerum quo natus amet sed.', 'natus', 44, NULL, '2002-08-08 11:14:57', '1995-11-02 03:00:31');
INSERT INTO `media` (`id`, `media_type_id`, `user_id`, `body`, `filename`, `size`, `metadata`, `created_at`, `updated_at`) VALUES ('93', '93', '93', 'Qui est maiores veniam est voluptatum unde omnis facilis. Et repudiandae quia perspiciatis aliquid. Quia voluptas suscipit doloremque asperiores sit.', 'et', 4, NULL, '2005-11-09 13:50:36', '1982-03-08 14:37:54');
INSERT INTO `media` (`id`, `media_type_id`, `user_id`, `body`, `filename`, `size`, `metadata`, `created_at`, `updated_at`) VALUES ('94', '94', '94', 'Voluptatem eos est ipsum doloribus nostrum placeat. Inventore id magnam non quae praesentium laboriosam omnis. Et odit omnis qui.', 'quis', 1, NULL, '1984-07-23 20:13:33', '2017-12-05 07:53:21');
INSERT INTO `media` (`id`, `media_type_id`, `user_id`, `body`, `filename`, `size`, `metadata`, `created_at`, `updated_at`) VALUES ('95', '95', '95', 'Enim et temporibus ratione tenetur delectus. Nihil dolores quis est vero repellat cumque dolorum molestiae. Beatae dicta quia fuga veritatis aspernatur magni. Cupiditate ipsum molestiae exercitationem ex impedit aut nihil. Ducimus rerum nesciunt saepe eos ea porro officia.', 'earum', 820937, NULL, '2009-08-02 02:01:09', '1977-08-18 15:11:38');
INSERT INTO `media` (`id`, `media_type_id`, `user_id`, `body`, `filename`, `size`, `metadata`, `created_at`, `updated_at`) VALUES ('96', '96', '96', 'Et atque et quia maxime ut. Saepe voluptatum molestiae voluptatem.', 'incidunt', 5074119, NULL, '2014-09-10 03:16:25', '1978-06-29 17:25:22');
INSERT INTO `media` (`id`, `media_type_id`, `user_id`, `body`, `filename`, `size`, `metadata`, `created_at`, `updated_at`) VALUES ('97', '97', '97', 'Voluptas incidunt est illum animi odit est. Optio aut et cum delectus assumenda enim. Et aperiam qui vero maiores aut.', 'qui', 8680, NULL, '2006-01-08 21:52:01', '1986-09-17 07:45:18');
INSERT INTO `media` (`id`, `media_type_id`, `user_id`, `body`, `filename`, `size`, `metadata`, `created_at`, `updated_at`) VALUES ('98', '98', '98', 'Aut omnis accusamus laudantium dolor suscipit error in. Cum ipsam voluptatem harum qui. Tempore sit dicta voluptatem numquam autem aut facilis.', 'velit', 7940864, NULL, '1976-05-06 00:08:16', '2014-05-30 00:09:28');
INSERT INTO `media` (`id`, `media_type_id`, `user_id`, `body`, `filename`, `size`, `metadata`, `created_at`, `updated_at`) VALUES ('99', '99', '99', 'Provident qui placeat impedit voluptatem voluptatem. Saepe similique fuga fugit qui distinctio ut. Quae rem quia enim veritatis. Necessitatibus molestiae pariatur fugit quis.', 'autem', 72427, NULL, '2012-04-01 07:20:02', '2018-10-19 14:20:14');
INSERT INTO `media` (`id`, `media_type_id`, `user_id`, `body`, `filename`, `size`, `metadata`, `created_at`, `updated_at`) VALUES ('100', '100', '100', 'Hic dolore adipisci unde repudiandae. Quas et eaque at autem qui commodi. Quasi distinctio voluptatem ratione explicabo excepturi explicabo.', 'occaecati', 34, NULL, '2017-08-07 02:12:18', '2014-11-22 04:23:23');




INSERT INTO `likes` (`id`, `user_id`, `media_id`, `created_at`) VALUES ('1', '1', '1', '2010-09-08 21:15:56');
INSERT INTO `likes` (`id`, `user_id`, `media_id`, `created_at`) VALUES ('2', '2', '2', '1986-01-17 12:33:57');
INSERT INTO `likes` (`id`, `user_id`, `media_id`, `created_at`) VALUES ('3', '3', '3', '1995-03-13 01:17:08');
INSERT INTO `likes` (`id`, `user_id`, `media_id`, `created_at`) VALUES ('4', '4', '4', '1976-02-09 11:00:29');
INSERT INTO `likes` (`id`, `user_id`, `media_id`, `created_at`) VALUES ('5', '5', '5', '1977-07-08 14:22:58');
INSERT INTO `likes` (`id`, `user_id`, `media_id`, `created_at`) VALUES ('6', '6', '6', '1971-10-04 23:50:20');
INSERT INTO `likes` (`id`, `user_id`, `media_id`, `created_at`) VALUES ('7', '7', '7', '1992-01-05 23:44:05');
INSERT INTO `likes` (`id`, `user_id`, `media_id`, `created_at`) VALUES ('8', '8', '8', '1981-12-06 20:14:08');
INSERT INTO `likes` (`id`, `user_id`, `media_id`, `created_at`) VALUES ('9', '9', '9', '2011-06-11 15:43:48');
INSERT INTO `likes` (`id`, `user_id`, `media_id`, `created_at`) VALUES ('10', '10', '10', '1981-10-15 19:38:24');
INSERT INTO `likes` (`id`, `user_id`, `media_id`, `created_at`) VALUES ('11', '11', '11', '1977-08-30 01:08:07');
INSERT INTO `likes` (`id`, `user_id`, `media_id`, `created_at`) VALUES ('12', '12', '12', '2014-05-21 05:01:46');
INSERT INTO `likes` (`id`, `user_id`, `media_id`, `created_at`) VALUES ('13', '13', '13', '1983-08-13 22:01:53');
INSERT INTO `likes` (`id`, `user_id`, `media_id`, `created_at`) VALUES ('14', '14', '14', '1981-09-17 15:54:16');
INSERT INTO `likes` (`id`, `user_id`, `media_id`, `created_at`) VALUES ('15', '15', '15', '2005-11-24 20:09:19');
INSERT INTO `likes` (`id`, `user_id`, `media_id`, `created_at`) VALUES ('16', '16', '16', '1995-11-23 00:38:06');
INSERT INTO `likes` (`id`, `user_id`, `media_id`, `created_at`) VALUES ('17', '17', '17', '1991-08-20 07:15:59');
INSERT INTO `likes` (`id`, `user_id`, `media_id`, `created_at`) VALUES ('18', '18', '18', '1998-02-27 15:12:11');
INSERT INTO `likes` (`id`, `user_id`, `media_id`, `created_at`) VALUES ('19', '19', '19', '1991-04-04 23:46:03');
INSERT INTO `likes` (`id`, `user_id`, `media_id`, `created_at`) VALUES ('20', '20', '20', '2013-03-27 19:37:28');
INSERT INTO `likes` (`id`, `user_id`, `media_id`, `created_at`) VALUES ('21', '21', '21', '1993-11-04 15:14:29');
INSERT INTO `likes` (`id`, `user_id`, `media_id`, `created_at`) VALUES ('22', '22', '22', '2016-05-14 04:12:19');
INSERT INTO `likes` (`id`, `user_id`, `media_id`, `created_at`) VALUES ('23', '23', '23', '1974-02-04 15:47:19');
INSERT INTO `likes` (`id`, `user_id`, `media_id`, `created_at`) VALUES ('24', '24', '24', '1992-11-29 20:14:16');
INSERT INTO `likes` (`id`, `user_id`, `media_id`, `created_at`) VALUES ('25', '25', '25', '1983-11-13 13:02:17');
INSERT INTO `likes` (`id`, `user_id`, `media_id`, `created_at`) VALUES ('26', '26', '26', '2004-01-01 16:33:09');
INSERT INTO `likes` (`id`, `user_id`, `media_id`, `created_at`) VALUES ('27', '27', '27', '1983-12-17 05:54:52');
INSERT INTO `likes` (`id`, `user_id`, `media_id`, `created_at`) VALUES ('28', '28', '28', '2010-10-11 10:29:34');
INSERT INTO `likes` (`id`, `user_id`, `media_id`, `created_at`) VALUES ('29', '29', '29', '1988-01-17 17:15:19');
INSERT INTO `likes` (`id`, `user_id`, `media_id`, `created_at`) VALUES ('30', '30', '30', '1991-06-08 21:53:45');
INSERT INTO `likes` (`id`, `user_id`, `media_id`, `created_at`) VALUES ('31', '31', '31', '1978-11-16 01:58:58');
INSERT INTO `likes` (`id`, `user_id`, `media_id`, `created_at`) VALUES ('32', '32', '32', '2011-12-13 11:45:00');
INSERT INTO `likes` (`id`, `user_id`, `media_id`, `created_at`) VALUES ('33', '33', '33', '1991-06-01 09:30:27');
INSERT INTO `likes` (`id`, `user_id`, `media_id`, `created_at`) VALUES ('34', '34', '34', '1985-02-28 05:02:34');
INSERT INTO `likes` (`id`, `user_id`, `media_id`, `created_at`) VALUES ('35', '35', '35', '2011-06-01 07:51:12');
INSERT INTO `likes` (`id`, `user_id`, `media_id`, `created_at`) VALUES ('36', '36', '36', '1995-01-28 18:27:32');
INSERT INTO `likes` (`id`, `user_id`, `media_id`, `created_at`) VALUES ('37', '37', '37', '2004-08-07 00:41:59');
INSERT INTO `likes` (`id`, `user_id`, `media_id`, `created_at`) VALUES ('38', '38', '38', '2009-01-09 11:23:31');
INSERT INTO `likes` (`id`, `user_id`, `media_id`, `created_at`) VALUES ('39', '39', '39', '1979-08-09 20:51:32');
INSERT INTO `likes` (`id`, `user_id`, `media_id`, `created_at`) VALUES ('40', '40', '40', '1977-03-02 10:29:55');
INSERT INTO `likes` (`id`, `user_id`, `media_id`, `created_at`) VALUES ('41', '41', '41', '1988-06-12 21:37:14');
INSERT INTO `likes` (`id`, `user_id`, `media_id`, `created_at`) VALUES ('42', '42', '42', '1980-03-15 08:32:10');
INSERT INTO `likes` (`id`, `user_id`, `media_id`, `created_at`) VALUES ('43', '43', '43', '2003-08-26 05:28:11');
INSERT INTO `likes` (`id`, `user_id`, `media_id`, `created_at`) VALUES ('44', '44', '44', '2009-03-21 17:48:52');
INSERT INTO `likes` (`id`, `user_id`, `media_id`, `created_at`) VALUES ('45', '45', '45', '1981-04-20 04:58:45');
INSERT INTO `likes` (`id`, `user_id`, `media_id`, `created_at`) VALUES ('46', '46', '46', '2006-01-04 21:51:18');
INSERT INTO `likes` (`id`, `user_id`, `media_id`, `created_at`) VALUES ('47', '47', '47', '1990-09-20 21:48:48');
INSERT INTO `likes` (`id`, `user_id`, `media_id`, `created_at`) VALUES ('48', '48', '48', '2019-01-03 04:45:46');
INSERT INTO `likes` (`id`, `user_id`, `media_id`, `created_at`) VALUES ('49', '49', '49', '1977-11-09 21:00:03');
INSERT INTO `likes` (`id`, `user_id`, `media_id`, `created_at`) VALUES ('50', '50', '50', '1997-04-15 17:12:11');
INSERT INTO `likes` (`id`, `user_id`, `media_id`, `created_at`) VALUES ('51', '51', '51', '1987-08-05 23:26:08');
INSERT INTO `likes` (`id`, `user_id`, `media_id`, `created_at`) VALUES ('52', '52', '52', '1984-08-28 23:52:45');
INSERT INTO `likes` (`id`, `user_id`, `media_id`, `created_at`) VALUES ('53', '53', '53', '1976-03-11 03:01:03');
INSERT INTO `likes` (`id`, `user_id`, `media_id`, `created_at`) VALUES ('54', '54', '54', '2001-11-29 22:00:33');
INSERT INTO `likes` (`id`, `user_id`, `media_id`, `created_at`) VALUES ('55', '55', '55', '1977-01-25 17:52:52');
INSERT INTO `likes` (`id`, `user_id`, `media_id`, `created_at`) VALUES ('56', '56', '56', '2006-05-01 21:18:13');
INSERT INTO `likes` (`id`, `user_id`, `media_id`, `created_at`) VALUES ('57', '57', '57', '1975-12-23 23:08:39');
INSERT INTO `likes` (`id`, `user_id`, `media_id`, `created_at`) VALUES ('58', '58', '58', '1982-05-12 08:57:11');
INSERT INTO `likes` (`id`, `user_id`, `media_id`, `created_at`) VALUES ('59', '59', '59', '2003-08-22 02:17:11');
INSERT INTO `likes` (`id`, `user_id`, `media_id`, `created_at`) VALUES ('60', '60', '60', '1977-11-23 10:28:33');
INSERT INTO `likes` (`id`, `user_id`, `media_id`, `created_at`) VALUES ('61', '61', '61', '1979-04-08 21:01:28');
INSERT INTO `likes` (`id`, `user_id`, `media_id`, `created_at`) VALUES ('62', '62', '62', '1979-07-28 18:52:15');
INSERT INTO `likes` (`id`, `user_id`, `media_id`, `created_at`) VALUES ('63', '63', '63', '1990-10-27 01:48:03');
INSERT INTO `likes` (`id`, `user_id`, `media_id`, `created_at`) VALUES ('64', '64', '64', '2010-11-21 02:50:48');
INSERT INTO `likes` (`id`, `user_id`, `media_id`, `created_at`) VALUES ('65', '65', '65', '1981-10-03 07:07:42');
INSERT INTO `likes` (`id`, `user_id`, `media_id`, `created_at`) VALUES ('66', '66', '66', '1981-08-03 17:24:46');
INSERT INTO `likes` (`id`, `user_id`, `media_id`, `created_at`) VALUES ('67', '67', '67', '1977-09-02 06:56:37');
INSERT INTO `likes` (`id`, `user_id`, `media_id`, `created_at`) VALUES ('68', '68', '68', '2001-11-19 05:31:21');
INSERT INTO `likes` (`id`, `user_id`, `media_id`, `created_at`) VALUES ('69', '69', '69', '1982-06-16 13:39:05');
INSERT INTO `likes` (`id`, `user_id`, `media_id`, `created_at`) VALUES ('70', '70', '70', '1990-12-11 03:01:47');
INSERT INTO `likes` (`id`, `user_id`, `media_id`, `created_at`) VALUES ('71', '71', '71', '1993-11-23 07:32:03');
INSERT INTO `likes` (`id`, `user_id`, `media_id`, `created_at`) VALUES ('72', '72', '72', '1999-02-16 14:53:00');
INSERT INTO `likes` (`id`, `user_id`, `media_id`, `created_at`) VALUES ('73', '73', '73', '2014-09-06 10:15:13');
INSERT INTO `likes` (`id`, `user_id`, `media_id`, `created_at`) VALUES ('74', '74', '74', '1987-09-15 23:12:04');
INSERT INTO `likes` (`id`, `user_id`, `media_id`, `created_at`) VALUES ('75', '75', '75', '2011-04-20 02:35:40');
INSERT INTO `likes` (`id`, `user_id`, `media_id`, `created_at`) VALUES ('76', '76', '76', '2011-01-15 13:08:41');
INSERT INTO `likes` (`id`, `user_id`, `media_id`, `created_at`) VALUES ('77', '77', '77', '1999-10-24 04:39:37');
INSERT INTO `likes` (`id`, `user_id`, `media_id`, `created_at`) VALUES ('78', '78', '78', '2013-05-28 03:07:21');
INSERT INTO `likes` (`id`, `user_id`, `media_id`, `created_at`) VALUES ('79', '79', '79', '1985-04-07 22:34:46');
INSERT INTO `likes` (`id`, `user_id`, `media_id`, `created_at`) VALUES ('80', '80', '80', '1982-07-23 01:59:08');
INSERT INTO `likes` (`id`, `user_id`, `media_id`, `created_at`) VALUES ('81', '81', '81', '1995-10-14 13:19:19');
INSERT INTO `likes` (`id`, `user_id`, `media_id`, `created_at`) VALUES ('82', '82', '82', '2013-08-26 21:43:52');
INSERT INTO `likes` (`id`, `user_id`, `media_id`, `created_at`) VALUES ('83', '83', '83', '1997-05-19 05:57:25');
INSERT INTO `likes` (`id`, `user_id`, `media_id`, `created_at`) VALUES ('84', '84', '84', '2005-09-15 04:20:17');
INSERT INTO `likes` (`id`, `user_id`, `media_id`, `created_at`) VALUES ('85', '85', '85', '1975-06-20 00:37:59');
INSERT INTO `likes` (`id`, `user_id`, `media_id`, `created_at`) VALUES ('86', '86', '86', '1996-07-13 20:38:11');
INSERT INTO `likes` (`id`, `user_id`, `media_id`, `created_at`) VALUES ('87', '87', '87', '1989-09-01 18:29:10');
INSERT INTO `likes` (`id`, `user_id`, `media_id`, `created_at`) VALUES ('88', '88', '88', '2004-07-06 01:47:10');
INSERT INTO `likes` (`id`, `user_id`, `media_id`, `created_at`) VALUES ('89', '89', '89', '1970-08-01 09:49:01');
INSERT INTO `likes` (`id`, `user_id`, `media_id`, `created_at`) VALUES ('90', '90', '90', '2009-02-09 19:51:44');
INSERT INTO `likes` (`id`, `user_id`, `media_id`, `created_at`) VALUES ('91', '91', '91', '2015-08-29 07:29:52');
INSERT INTO `likes` (`id`, `user_id`, `media_id`, `created_at`) VALUES ('92', '92', '92', '2007-08-30 14:07:49');
INSERT INTO `likes` (`id`, `user_id`, `media_id`, `created_at`) VALUES ('93', '93', '93', '1973-04-24 18:00:56');
INSERT INTO `likes` (`id`, `user_id`, `media_id`, `created_at`) VALUES ('94', '94', '94', '1975-11-10 17:57:59');
INSERT INTO `likes` (`id`, `user_id`, `media_id`, `created_at`) VALUES ('95', '95', '95', '2000-02-20 07:17:29');
INSERT INTO `likes` (`id`, `user_id`, `media_id`, `created_at`) VALUES ('96', '96', '96', '1986-06-22 17:28:21');
INSERT INTO `likes` (`id`, `user_id`, `media_id`, `created_at`) VALUES ('97', '97', '97', '2000-07-09 17:45:41');
INSERT INTO `likes` (`id`, `user_id`, `media_id`, `created_at`) VALUES ('98', '98', '98', '1983-02-06 07:21:59');
INSERT INTO `likes` (`id`, `user_id`, `media_id`, `created_at`) VALUES ('99', '99', '99', '2018-09-06 09:51:29');
INSERT INTO `likes` (`id`, `user_id`, `media_id`, `created_at`) VALUES ('100', '100', '100', '1992-09-28 10:44:35');



INSERT INTO `messages` (`id`, `from_user_id`, `to_user_id`, `body`, `created_at`) VALUES ('1', '1', '1', 'Rerum quis enim facilis ullam inventore. Voluptas enim consequatur eum sed. Dolorem a ut autem. Debitis exercitationem voluptatum culpa aut est qui ut.', '1972-12-08 00:26:53');
INSERT INTO `messages` (`id`, `from_user_id`, `to_user_id`, `body`, `created_at`) VALUES ('2', '2', '2', 'Rem velit tempore consequuntur tenetur autem at. Quae voluptates omnis quas quo. Repudiandae et molestiae et facilis sunt sed.', '1992-02-23 18:43:07');
INSERT INTO `messages` (`id`, `from_user_id`, `to_user_id`, `body`, `created_at`) VALUES ('3', '3', '3', 'Dolorum minima dolores ut assumenda quo voluptas ipsa. Natus reiciendis inventore numquam dolor suscipit quo. Quia repudiandae nostrum natus maiores consectetur velit optio. Dolor quod et doloremque harum repellendus porro.', '2003-10-31 02:03:44');
INSERT INTO `messages` (`id`, `from_user_id`, `to_user_id`, `body`, `created_at`) VALUES ('4', '4', '4', 'Porro non dolore qui officiis. Amet minus corporis sapiente sit molestias. Exercitationem illum molestias doloribus magni voluptas quis.', '1998-04-09 08:24:36');
INSERT INTO `messages` (`id`, `from_user_id`, `to_user_id`, `body`, `created_at`) VALUES ('5', '5', '5', 'Aut atque et maiores nihil. Aut laboriosam tenetur pariatur dolorem. Animi minus nulla dicta laborum recusandae quia explicabo.', '1977-01-25 19:54:00');
INSERT INTO `messages` (`id`, `from_user_id`, `to_user_id`, `body`, `created_at`) VALUES ('6', '6', '6', 'Eos laborum ea ut labore rerum. Qui est velit in assumenda natus quis. Rerum laborum magni sunt nihil. Voluptas consequatur ab aut harum molestias.', '2009-05-22 10:12:46');
INSERT INTO `messages` (`id`, `from_user_id`, `to_user_id`, `body`, `created_at`) VALUES ('7', '7', '7', 'Nihil ab quia corporis minus ad. Quaerat et quisquam minima alias accusamus inventore error. Magni nihil quo rerum perspiciatis consequatur non nostrum quo. Ut voluptatem harum molestiae praesentium.', '2005-09-22 20:40:36');
INSERT INTO `messages` (`id`, `from_user_id`, `to_user_id`, `body`, `created_at`) VALUES ('8', '8', '8', 'Nobis ex quos aut. Et consequatur fugiat fuga dolor id quas. Necessitatibus quia sint quia amet. Rem dignissimos nemo iure.', '2009-02-07 08:00:49');
INSERT INTO `messages` (`id`, `from_user_id`, `to_user_id`, `body`, `created_at`) VALUES ('9', '9', '9', 'Velit autem id nemo molestiae natus. Impedit labore aperiam dolorem ut et quae at. Voluptas ea sint consequatur.', '2016-05-14 12:15:39');
INSERT INTO `messages` (`id`, `from_user_id`, `to_user_id`, `body`, `created_at`) VALUES ('10', '10', '10', 'Quo vel enim odit fuga non non quia. Provident exercitationem commodi labore nulla voluptatibus. Qui ea sed animi. Officiis at inventore beatae quo aut rerum. Repellat officiis molestiae ipsam nihil.', '1988-10-18 05:46:31');
INSERT INTO `messages` (`id`, `from_user_id`, `to_user_id`, `body`, `created_at`) VALUES ('11', '11', '11', 'Cupiditate vel est voluptatibus dignissimos ut qui culpa earum. Nihil et maiores eius et iste. Officia architecto dignissimos quia hic consequatur aut ut ullam. Voluptatem at quaerat dolorem.', '2010-08-07 05:16:40');
INSERT INTO `messages` (`id`, `from_user_id`, `to_user_id`, `body`, `created_at`) VALUES ('12', '12', '12', 'Voluptatem occaecati totam est. Fuga perferendis omnis tempora quae esse quam repudiandae. Saepe voluptates hic voluptas sit porro.', '2005-02-23 07:46:31');
INSERT INTO `messages` (`id`, `from_user_id`, `to_user_id`, `body`, `created_at`) VALUES ('13', '13', '13', 'Alias quos molestiae nulla autem. Nostrum quos qui dolor voluptate minima cupiditate. Ab illum voluptate consequuntur sit provident et doloribus qui.', '1980-09-19 13:07:42');
INSERT INTO `messages` (`id`, `from_user_id`, `to_user_id`, `body`, `created_at`) VALUES ('14', '14', '14', 'Atque ratione quis porro atque saepe itaque aut. Voluptatum est vel laborum aspernatur unde. Totam quas hic occaecati.', '2014-04-29 13:41:04');
INSERT INTO `messages` (`id`, `from_user_id`, `to_user_id`, `body`, `created_at`) VALUES ('15', '15', '15', 'Ea enim modi quia dolore adipisci magni est. Ut corporis in deleniti culpa corrupti.', '1974-10-04 01:19:14');
INSERT INTO `messages` (`id`, `from_user_id`, `to_user_id`, `body`, `created_at`) VALUES ('16', '16', '16', 'Voluptates sint atque quo quia. Alias non qui laudantium dolores fuga nostrum. Provident fugiat temporibus quia explicabo ut.', '1980-08-04 05:31:09');
INSERT INTO `messages` (`id`, `from_user_id`, `to_user_id`, `body`, `created_at`) VALUES ('17', '17', '17', 'Rem labore consequuntur et amet laudantium. Optio ipsam sit beatae quod. Quasi qui sit qui doloribus iusto nemo. Eos eaque iste ut sapiente sunt.', '1987-12-31 21:43:04');
INSERT INTO `messages` (`id`, `from_user_id`, `to_user_id`, `body`, `created_at`) VALUES ('18', '18', '18', 'Autem occaecati deserunt ea voluptas unde. Autem cum dignissimos repellat nostrum non quis nihil. Sit in facilis quo aut harum non.', '2001-06-20 01:43:25');
INSERT INTO `messages` (`id`, `from_user_id`, `to_user_id`, `body`, `created_at`) VALUES ('19', '19', '19', 'Est voluptates non molestiae ut minus reiciendis. Voluptatem sed eveniet ut repellendus placeat accusamus. Voluptatem labore aut eaque neque vel repellat accusamus ex.', '1987-02-20 05:45:52');
INSERT INTO `messages` (`id`, `from_user_id`, `to_user_id`, `body`, `created_at`) VALUES ('20', '20', '20', 'Minus ex eaque cumque omnis est. Officia rerum quia sapiente cupiditate minima fugit. Et explicabo ut harum et aut. Qui sint quisquam inventore perspiciatis et.', '2013-11-05 17:47:05');
INSERT INTO `messages` (`id`, `from_user_id`, `to_user_id`, `body`, `created_at`) VALUES ('21', '21', '21', 'Eum dolores unde illum vero dicta. Aut quae consequuntur dolor ad numquam neque delectus. Fuga sint blanditiis vel voluptatem numquam est ratione.', '1991-01-06 17:36:38');
INSERT INTO `messages` (`id`, `from_user_id`, `to_user_id`, `body`, `created_at`) VALUES ('22', '22', '22', 'Totam quam quia modi cupiditate iste voluptatum. Vel quia explicabo magnam aut. Nulla debitis at eius neque beatae est voluptas modi.', '2002-11-22 20:04:14');
INSERT INTO `messages` (`id`, `from_user_id`, `to_user_id`, `body`, `created_at`) VALUES ('23', '23', '23', 'Aliquam hic quae rerum velit. Repellendus qui est alias aut. Incidunt officia sint nostrum impedit magnam.', '1981-07-05 07:37:09');
INSERT INTO `messages` (`id`, `from_user_id`, `to_user_id`, `body`, `created_at`) VALUES ('24', '24', '24', 'Illo sit odio repellat incidunt unde dignissimos. Eius aut quos laboriosam. Nostrum illo rem cumque voluptatem.', '1986-11-10 12:29:42');
INSERT INTO `messages` (`id`, `from_user_id`, `to_user_id`, `body`, `created_at`) VALUES ('25', '25', '25', 'Rem quidem vero harum libero consequatur vel velit ratione. Praesentium autem et vero. Itaque iste dignissimos sed laboriosam.', '1996-06-13 06:50:27');
INSERT INTO `messages` (`id`, `from_user_id`, `to_user_id`, `body`, `created_at`) VALUES ('26', '26', '26', 'Quia fuga veritatis iusto alias eveniet saepe ut. Aut accusamus vel quia est. Recusandae ex ipsum et repellat hic numquam ab.', '1998-04-24 15:06:31');
INSERT INTO `messages` (`id`, `from_user_id`, `to_user_id`, `body`, `created_at`) VALUES ('27', '27', '27', 'Sit non et nesciunt enim sit. Et odio occaecati cumque sed beatae. Non consequatur odit error a iste. Id quia totam molestiae voluptas consectetur ex.', '1979-01-15 13:11:43');
INSERT INTO `messages` (`id`, `from_user_id`, `to_user_id`, `body`, `created_at`) VALUES ('28', '28', '28', 'Ut consequuntur blanditiis nobis voluptatum distinctio numquam est. Vel dolorum ipsam quidem perferendis aut voluptatem ullam.', '1995-06-27 19:00:47');
INSERT INTO `messages` (`id`, `from_user_id`, `to_user_id`, `body`, `created_at`) VALUES ('29', '29', '29', 'Quam ut error sint in voluptatum architecto. Dolores atque quisquam deserunt eos vero ut sunt. Ipsam necessitatibus esse explicabo inventore qui sed qui. Qui earum distinctio repellendus harum consequatur.', '2014-01-14 03:26:46');
INSERT INTO `messages` (`id`, `from_user_id`, `to_user_id`, `body`, `created_at`) VALUES ('30', '30', '30', 'Ratione dolor vel libero est. Sit ut ex inventore delectus et explicabo occaecati. Nulla in est labore ipsum officiis. Voluptate nisi aut et veniam.', '1971-01-14 15:16:56');
INSERT INTO `messages` (`id`, `from_user_id`, `to_user_id`, `body`, `created_at`) VALUES ('31', '31', '31', 'Odio rerum qui et sit accusamus voluptatibus. Asperiores illo quia minima commodi. Cupiditate ipsum asperiores eius et aut suscipit eum sint. Nostrum sit odit eos animi.', '2006-10-17 04:43:52');
INSERT INTO `messages` (`id`, `from_user_id`, `to_user_id`, `body`, `created_at`) VALUES ('32', '32', '32', 'Earum quo non et culpa. Aliquam cupiditate autem sapiente eaque ut excepturi veritatis. Voluptatem quibusdam officiis reprehenderit in tempora.', '1973-04-18 11:10:07');
INSERT INTO `messages` (`id`, `from_user_id`, `to_user_id`, `body`, `created_at`) VALUES ('33', '33', '33', 'Aut nobis qui similique. Sed optio quis velit autem quia doloribus. Accusantium est cum vitae rerum.', '2017-12-30 00:24:43');
INSERT INTO `messages` (`id`, `from_user_id`, `to_user_id`, `body`, `created_at`) VALUES ('34', '34', '34', 'Modi neque eum sunt. Perspiciatis id incidunt hic minus. Similique doloribus enim cum quia eos. Omnis quam consequatur consequatur perspiciatis voluptas.', '2004-05-07 17:56:14');
INSERT INTO `messages` (`id`, `from_user_id`, `to_user_id`, `body`, `created_at`) VALUES ('35', '35', '35', 'Deleniti accusantium alias consectetur iste. Odio et est sequi quia architecto suscipit. Eum maxime libero consequatur odio nostrum.', '2012-09-15 05:37:01');
INSERT INTO `messages` (`id`, `from_user_id`, `to_user_id`, `body`, `created_at`) VALUES ('36', '36', '36', 'Quia autem eligendi et exercitationem iusto ut. Id iure aut est adipisci. Aut beatae excepturi quas dolorum ex in neque. Similique qui soluta odit tenetur explicabo.', '2003-07-07 12:04:26');
INSERT INTO `messages` (`id`, `from_user_id`, `to_user_id`, `body`, `created_at`) VALUES ('37', '37', '37', 'Dolor nostrum ab temporibus fuga earum exercitationem temporibus. Aut dolorem exercitationem libero perspiciatis nisi dolor id. Ut nihil sint sit. Cupiditate ullam incidunt aut ullam voluptas rerum.', '1983-09-19 13:13:54');
INSERT INTO `messages` (`id`, `from_user_id`, `to_user_id`, `body`, `created_at`) VALUES ('38', '38', '38', 'Dolor enim et sunt non. Blanditiis recusandae ipsum cupiditate consequatur maiores qui. Minus iusto et eveniet in tempore est sed quae.', '2008-09-06 00:25:39');
INSERT INTO `messages` (`id`, `from_user_id`, `to_user_id`, `body`, `created_at`) VALUES ('39', '39', '39', 'Nobis quos aut architecto non pariatur nemo sit veritatis. Vero reiciendis non dolore molestias voluptates provident earum facere. Et fuga officiis facilis molestiae. Officia qui eius officia asperiores enim itaque saepe.', '1991-08-30 11:28:11');
INSERT INTO `messages` (`id`, `from_user_id`, `to_user_id`, `body`, `created_at`) VALUES ('40', '40', '40', 'Quis est totam autem quisquam accusamus tenetur. Qui quaerat inventore maxime sit. Commodi fuga officia enim laborum.', '1994-02-17 11:51:29');
INSERT INTO `messages` (`id`, `from_user_id`, `to_user_id`, `body`, `created_at`) VALUES ('41', '41', '41', 'Quam incidunt molestiae mollitia aliquam distinctio consequatur. Esse sunt est aut illum ad modi eaque. Quisquam sequi nemo voluptate atque.', '1985-08-21 04:38:43');
INSERT INTO `messages` (`id`, `from_user_id`, `to_user_id`, `body`, `created_at`) VALUES ('42', '42', '42', 'Sit pariatur sequi quod. Maxime voluptatibus quam aspernatur sed consectetur dolore fugit. Ipsam nobis odit modi aut minus ut accusantium.', '1988-11-19 03:19:24');
INSERT INTO `messages` (`id`, `from_user_id`, `to_user_id`, `body`, `created_at`) VALUES ('43', '43', '43', 'Qui omnis maiores labore nihil iusto. Sunt veritatis sint hic consequatur excepturi voluptatem inventore est. Maiores sapiente sed voluptatibus sed.', '2016-10-30 01:35:27');
INSERT INTO `messages` (`id`, `from_user_id`, `to_user_id`, `body`, `created_at`) VALUES ('44', '44', '44', 'Et veniam facere dolore dolores explicabo et dicta. Possimus rem molestias qui molestiae. Ipsam cupiditate qui quaerat excepturi. Molestias tenetur hic et ex quam quis.', '2007-10-23 13:31:29');
INSERT INTO `messages` (`id`, `from_user_id`, `to_user_id`, `body`, `created_at`) VALUES ('45', '45', '45', 'Quam repudiandae sed quisquam dicta. Rerum odit et qui.', '1994-04-24 23:42:40');
INSERT INTO `messages` (`id`, `from_user_id`, `to_user_id`, `body`, `created_at`) VALUES ('46', '46', '46', 'In libero aperiam consectetur repellendus nam. Delectus magni aspernatur laudantium dolor molestiae. Assumenda consequatur rerum nesciunt atque voluptatibus et. Voluptas itaque laborum doloribus quia rerum sit et.', '2015-07-11 17:14:12');
INSERT INTO `messages` (`id`, `from_user_id`, `to_user_id`, `body`, `created_at`) VALUES ('47', '47', '47', 'Ratione similique voluptas cumque ut. Laudantium corporis laudantium est animi distinctio dolores. Laudantium nulla commodi sint. Quo recusandae quis iste suscipit enim aliquam eveniet.', '2002-03-10 02:41:33');
INSERT INTO `messages` (`id`, `from_user_id`, `to_user_id`, `body`, `created_at`) VALUES ('48', '48', '48', 'Sunt commodi minus incidunt non error. Qui accusantium inventore mollitia excepturi. Earum voluptatum inventore et cum ipsum minus.', '2009-05-16 22:58:14');
INSERT INTO `messages` (`id`, `from_user_id`, `to_user_id`, `body`, `created_at`) VALUES ('49', '49', '49', 'Eius dignissimos dolore officiis magni. Quas sit ab fugiat illum dolorem nihil minima. Voluptatem est commodi est qui quis. Praesentium impedit ut est repellat sit dolorum.', '2010-09-04 04:33:19');
INSERT INTO `messages` (`id`, `from_user_id`, `to_user_id`, `body`, `created_at`) VALUES ('50', '50', '50', 'Ut ut fugiat ducimus provident nulla. Voluptas aliquam quia beatae odit voluptatibus mollitia voluptas eos. Autem vel autem corrupti accusamus maiores. Voluptates non rerum eligendi dicta suscipit minus sunt.', '1999-12-31 03:38:06');
INSERT INTO `messages` (`id`, `from_user_id`, `to_user_id`, `body`, `created_at`) VALUES ('51', '51', '51', 'Aspernatur rerum voluptatibus aut quis nam. Repudiandae ea rerum quas necessitatibus minima corporis rem.', '2001-08-03 21:43:05');
INSERT INTO `messages` (`id`, `from_user_id`, `to_user_id`, `body`, `created_at`) VALUES ('52', '52', '52', 'Quod dolor nihil quos esse ratione expedita. Laboriosam maiores nihil ut at dolor amet ab incidunt. Qui consequatur nam sit nisi ut sequi.', '2006-11-03 02:16:17');
INSERT INTO `messages` (`id`, `from_user_id`, `to_user_id`, `body`, `created_at`) VALUES ('53', '53', '53', 'Aliquid in nesciunt aut soluta blanditiis quia quia ullam. Iure est commodi nemo laborum ullam totam. Aperiam suscipit est illo non magni quaerat non.', '2013-07-23 22:07:36');
INSERT INTO `messages` (`id`, `from_user_id`, `to_user_id`, `body`, `created_at`) VALUES ('54', '54', '54', 'Adipisci voluptas ut et veniam et. Dolor dolorem ut nostrum. Sed ipsa aut sed ut veniam. Quas numquam praesentium sit ut.', '1989-04-19 05:33:53');
INSERT INTO `messages` (`id`, `from_user_id`, `to_user_id`, `body`, `created_at`) VALUES ('55', '55', '55', 'Totam blanditiis nobis cum voluptas consequatur recusandae voluptas. Distinctio ipsum odio quisquam. Et aut molestias libero facere.', '1984-04-28 03:19:30');
INSERT INTO `messages` (`id`, `from_user_id`, `to_user_id`, `body`, `created_at`) VALUES ('56', '56', '56', 'Provident possimus magni et expedita nisi nobis sunt. Temporibus ut voluptatem tempora nihil sed. Sint quia excepturi et quae labore tenetur esse. Quis voluptas dicta qui fuga nulla. Iure nobis quaerat iusto aut.', '1979-04-22 02:35:20');
INSERT INTO `messages` (`id`, `from_user_id`, `to_user_id`, `body`, `created_at`) VALUES ('57', '57', '57', 'Adipisci iste qui omnis voluptatum autem. Pariatur voluptate soluta tempora et. Accusamus aspernatur sint temporibus atque voluptates eos. Error quis accusamus quia ut ut velit inventore et.', '1982-06-06 08:59:22');
INSERT INTO `messages` (`id`, `from_user_id`, `to_user_id`, `body`, `created_at`) VALUES ('58', '58', '58', 'Incidunt fugiat ea voluptatibus vel molestiae temporibus suscipit. Quia aut eum quas dolor ea ex voluptatibus. Est commodi totam odit quod. Sed aspernatur natus ducimus adipisci laboriosam modi.', '1971-02-26 02:09:50');
INSERT INTO `messages` (`id`, `from_user_id`, `to_user_id`, `body`, `created_at`) VALUES ('59', '59', '59', 'Voluptatibus ad et eos praesentium. Dolor quia dicta magnam perspiciatis hic quia. Beatae dolore ad voluptas necessitatibus maiores laboriosam. Consequatur similique aut at nihil.', '1980-04-12 09:28:10');
INSERT INTO `messages` (`id`, `from_user_id`, `to_user_id`, `body`, `created_at`) VALUES ('60', '60', '60', 'Cum id laborum dignissimos harum delectus ab. Quidem quisquam quod voluptas et perferendis odio sed. Et et cumque accusamus.', '1993-12-15 14:36:09');
INSERT INTO `messages` (`id`, `from_user_id`, `to_user_id`, `body`, `created_at`) VALUES ('61', '61', '61', 'Nisi nihil similique ut exercitationem ab qui quidem nihil. Magnam facilis aut molestiae. Sed eveniet quia impedit voluptate vel impedit harum.', '2000-01-05 04:17:10');
INSERT INTO `messages` (`id`, `from_user_id`, `to_user_id`, `body`, `created_at`) VALUES ('62', '62', '62', 'Qui ea repellendus in mollitia harum qui eligendi. Sit ad nobis aliquid deleniti eaque amet. Ipsam reprehenderit quisquam ut et in doloribus.', '2003-05-11 08:07:43');
INSERT INTO `messages` (`id`, `from_user_id`, `to_user_id`, `body`, `created_at`) VALUES ('63', '63', '63', 'Ea odio consectetur ducimus et aut iste recusandae ducimus. Voluptatem omnis placeat quas eum. Sed cumque recusandae modi eaque eaque. Eaque id in quia autem incidunt. Aut totam corporis ut rerum repellat et.', '2002-09-05 03:45:22');
INSERT INTO `messages` (`id`, `from_user_id`, `to_user_id`, `body`, `created_at`) VALUES ('64', '64', '64', 'At facere sed velit voluptatem omnis vel. Sint odio hic aliquid occaecati. Asperiores eveniet sequi impedit.', '1979-03-27 22:46:16');
INSERT INTO `messages` (`id`, `from_user_id`, `to_user_id`, `body`, `created_at`) VALUES ('65', '65', '65', 'Sed ad excepturi necessitatibus tempore facilis voluptas aspernatur. Sit eius aut in dignissimos similique necessitatibus. Fuga molestiae eos beatae qui vero. Sequi impedit voluptatem non cum aut rerum inventore voluptates.', '2007-07-23 22:06:40');
INSERT INTO `messages` (`id`, `from_user_id`, `to_user_id`, `body`, `created_at`) VALUES ('66', '66', '66', 'Ut quia accusamus consequatur corporis quos aut tempora animi. Qui est nesciunt delectus et unde commodi quam. Aut ullam possimus excepturi.', '1991-07-06 13:45:25');
INSERT INTO `messages` (`id`, `from_user_id`, `to_user_id`, `body`, `created_at`) VALUES ('67', '67', '67', 'Vel quam labore aut. Qui debitis ut omnis rem corrupti. Voluptatem eum minima sunt eos doloribus est et dolorum. Veniam doloribus molestiae et ratione sit quae autem.', '2012-03-09 23:00:41');
INSERT INTO `messages` (`id`, `from_user_id`, `to_user_id`, `body`, `created_at`) VALUES ('68', '68', '68', 'Et optio laborum voluptatibus debitis aut debitis consequatur eos. Impedit aut omnis est est ullam quibusdam. Magni consectetur maxime suscipit qui. Soluta sunt quos nemo.', '1971-02-08 20:34:15');
INSERT INTO `messages` (`id`, `from_user_id`, `to_user_id`, `body`, `created_at`) VALUES ('69', '69', '69', 'Velit deleniti iure omnis non. Libero accusamus consequuntur a et illum minima sapiente. Error qui sit et voluptatum.', '2016-05-07 19:09:40');
INSERT INTO `messages` (`id`, `from_user_id`, `to_user_id`, `body`, `created_at`) VALUES ('70', '70', '70', 'Autem ea quibusdam culpa omnis odit veniam. Voluptates exercitationem commodi corrupti et exercitationem sapiente. Reprehenderit et sed magni. Sed et amet omnis aliquid optio. Ducimus doloribus odit ab in et unde.', '1999-04-28 20:43:54');
INSERT INTO `messages` (`id`, `from_user_id`, `to_user_id`, `body`, `created_at`) VALUES ('71', '71', '71', 'Architecto porro fuga expedita est. Blanditiis illum consectetur dolore omnis consequuntur nihil voluptatem. Rem in voluptatem aut est hic mollitia.', '2000-05-04 13:06:20');
INSERT INTO `messages` (`id`, `from_user_id`, `to_user_id`, `body`, `created_at`) VALUES ('72', '72', '72', 'Tempora quo quia illo natus sed minus aspernatur. Architecto voluptatem tenetur magni ducimus earum quia qui sit. Minima ea voluptate maiores.', '1996-09-15 12:55:29');
INSERT INTO `messages` (`id`, `from_user_id`, `to_user_id`, `body`, `created_at`) VALUES ('73', '73', '73', 'Soluta non aut suscipit rem laboriosam accusantium officia. Esse et dolorem cupiditate consequuntur sit ipsum. Voluptas dolores eligendi possimus odio incidunt voluptas.', '2003-09-22 02:22:48');
INSERT INTO `messages` (`id`, `from_user_id`, `to_user_id`, `body`, `created_at`) VALUES ('74', '74', '74', 'Sunt temporibus debitis nesciunt voluptatem. Dolorem accusantium inventore corporis aut nihil vitae. Molestias et reprehenderit aut et modi voluptatem corrupti quo. Debitis nisi asperiores deleniti. Iste dolor ut ad corrupti dolor.', '1974-06-16 09:37:31');
INSERT INTO `messages` (`id`, `from_user_id`, `to_user_id`, `body`, `created_at`) VALUES ('75', '75', '75', 'Voluptas aperiam et quos beatae aut. Quidem quas quia tempore voluptatem.', '2018-10-09 02:17:31');
INSERT INTO `messages` (`id`, `from_user_id`, `to_user_id`, `body`, `created_at`) VALUES ('76', '76', '76', 'Aliquid ipsam asperiores voluptas qui qui vel. Fugiat eos eaque reprehenderit. Et totam omnis necessitatibus maxime ipsa.', '2004-06-20 10:59:25');
INSERT INTO `messages` (`id`, `from_user_id`, `to_user_id`, `body`, `created_at`) VALUES ('77', '77', '77', 'Ipsa aut minima excepturi aut. Quas laboriosam quisquam nihil. Harum quia ad et odio.', '2017-11-07 19:56:47');
INSERT INTO `messages` (`id`, `from_user_id`, `to_user_id`, `body`, `created_at`) VALUES ('78', '78', '78', 'Voluptatem praesentium ullam dolorem corporis iste repellendus. Qui omnis perspiciatis fugit beatae et repudiandae fuga. Rerum et ad quia. Suscipit quaerat ab labore.', '2004-06-28 17:39:42');
INSERT INTO `messages` (`id`, `from_user_id`, `to_user_id`, `body`, `created_at`) VALUES ('79', '79', '79', 'Doloremque dignissimos error corrupti. Voluptatem sit cum voluptatem suscipit qui harum dolorum.', '2001-10-03 21:16:48');
INSERT INTO `messages` (`id`, `from_user_id`, `to_user_id`, `body`, `created_at`) VALUES ('80', '80', '80', 'Nostrum autem voluptas dolor nulla. Distinctio provident totam hic. Dolorem consequuntur corrupti autem qui. Iusto possimus iste praesentium.', '2007-02-22 04:02:15');
INSERT INTO `messages` (`id`, `from_user_id`, `to_user_id`, `body`, `created_at`) VALUES ('81', '81', '81', 'Distinctio unde ipsam assumenda qui. Possimus voluptas et laudantium quod laboriosam.', '2019-05-26 23:04:18');
INSERT INTO `messages` (`id`, `from_user_id`, `to_user_id`, `body`, `created_at`) VALUES ('82', '82', '82', 'Qui molestias ab consequuntur ad officia expedita eius enim. Harum illo sed autem beatae quis at velit et. Omnis autem sed consequatur libero.', '1996-12-31 06:13:47');
INSERT INTO `messages` (`id`, `from_user_id`, `to_user_id`, `body`, `created_at`) VALUES ('83', '83', '83', 'Sed et nostrum quibusdam officiis assumenda. Molestiae ipsa atque asperiores pariatur sint ea dignissimos. Quia quisquam quas aut nulla.', '1970-11-23 06:22:10');
INSERT INTO `messages` (`id`, `from_user_id`, `to_user_id`, `body`, `created_at`) VALUES ('84', '84', '84', 'Ipsa delectus deleniti id eum exercitationem eius modi. Enim accusantium voluptas explicabo quasi id. Saepe magni aut aliquid ratione exercitationem praesentium sunt. Soluta eos labore ut veniam.', '2000-06-26 00:59:11');
INSERT INTO `messages` (`id`, `from_user_id`, `to_user_id`, `body`, `created_at`) VALUES ('85', '85', '85', 'Ipsum facilis velit laborum mollitia. Voluptatem iste tenetur iste itaque. Soluta assumenda quos hic quia.', '2013-06-01 09:01:05');
INSERT INTO `messages` (`id`, `from_user_id`, `to_user_id`, `body`, `created_at`) VALUES ('86', '86', '86', 'Quasi non facere dignissimos quisquam quisquam ut vero. Repudiandae vitae dolore fugit tempora expedita quaerat vel.', '2003-06-29 00:46:11');
INSERT INTO `messages` (`id`, `from_user_id`, `to_user_id`, `body`, `created_at`) VALUES ('87', '87', '87', 'Tempora dolorem atque est debitis nulla nemo. Qui enim et itaque. Et quos doloremque deleniti est. Voluptatem sunt odit aut qui vitae.', '1996-02-26 04:42:23');
INSERT INTO `messages` (`id`, `from_user_id`, `to_user_id`, `body`, `created_at`) VALUES ('88', '88', '88', 'Expedita voluptatum laboriosam sint iusto quia quasi sunt. Et quia omnis quo non sit. Fuga ut eius ex est occaecati voluptates vel.', '2013-03-21 11:49:41');
INSERT INTO `messages` (`id`, `from_user_id`, `to_user_id`, `body`, `created_at`) VALUES ('89', '89', '89', 'Dolorum eaque laboriosam dicta laudantium eligendi expedita. Officia sunt ut quaerat rem nulla nisi. Ea accusantium voluptas assumenda non.', '2014-02-12 20:27:29');
INSERT INTO `messages` (`id`, `from_user_id`, `to_user_id`, `body`, `created_at`) VALUES ('90', '90', '90', 'Et eligendi sunt dolorem saepe. Enim voluptatibus quo quod dolore laboriosam.', '2017-05-02 18:57:38');
INSERT INTO `messages` (`id`, `from_user_id`, `to_user_id`, `body`, `created_at`) VALUES ('91', '91', '91', 'Dolor distinctio enim voluptate et id est explicabo. Quia suscipit quidem quidem ducimus odio qui praesentium qui. Asperiores ut aspernatur quia praesentium id quo et.', '1991-03-13 01:44:02');
INSERT INTO `messages` (`id`, `from_user_id`, `to_user_id`, `body`, `created_at`) VALUES ('92', '92', '92', 'Sed incidunt unde magni explicabo delectus. Voluptatem dolorem cupiditate et error.', '1977-05-07 16:12:23');
INSERT INTO `messages` (`id`, `from_user_id`, `to_user_id`, `body`, `created_at`) VALUES ('93', '93', '93', 'Consequatur eum sunt rem odio laboriosam autem qui vel. Rerum eos unde recusandae ut. Totam sed a quibusdam et ut.', '1984-03-09 03:22:11');
INSERT INTO `messages` (`id`, `from_user_id`, `to_user_id`, `body`, `created_at`) VALUES ('94', '94', '94', 'Molestiae quisquam dolor eum nemo. At eos pariatur rerum. Dolor illo vero omnis similique nobis.', '1998-02-06 01:52:00');
INSERT INTO `messages` (`id`, `from_user_id`, `to_user_id`, `body`, `created_at`) VALUES ('95', '95', '95', 'Aspernatur perspiciatis similique harum. Repellat quod ipsa eius debitis mollitia porro. Sunt non facilis temporibus dolorem. Saepe possimus odio minus et mollitia et blanditiis.', '2004-08-15 17:23:22');
INSERT INTO `messages` (`id`, `from_user_id`, `to_user_id`, `body`, `created_at`) VALUES ('96', '96', '96', 'Et expedita suscipit vero sit fugit doloremque qui enim. Sint aut recusandae rerum ad minima mollitia. Rerum quo est doloremque in perferendis voluptatum repellat.', '1973-05-29 15:28:50');
INSERT INTO `messages` (`id`, `from_user_id`, `to_user_id`, `body`, `created_at`) VALUES ('97', '97', '97', 'Voluptas occaecati eligendi doloremque earum dicta aut nostrum sapiente. Accusamus et sunt neque totam commodi qui. Ad possimus vel consequatur dolores deleniti non recusandae.', '2014-09-14 02:24:19');
INSERT INTO `messages` (`id`, `from_user_id`, `to_user_id`, `body`, `created_at`) VALUES ('98', '98', '98', 'Qui veritatis sed quia corporis autem est qui cumque. Atque consequatur nulla veniam.', '1976-01-17 21:52:22');
INSERT INTO `messages` (`id`, `from_user_id`, `to_user_id`, `body`, `created_at`) VALUES ('99', '99', '99', 'Nulla accusantium harum iure voluptatum minus. Doloribus quasi et dolor omnis ut hic eveniet. Ea quas inventore autem ipsam accusamus explicabo quibusdam.', '2016-10-13 15:25:43');
INSERT INTO `messages` (`id`, `from_user_id`, `to_user_id`, `body`, `created_at`) VALUES ('100', '100', '100', 'Quia suscipit ea ea aut consequatur. Mollitia ullam aut commodi sed iure atque. Reiciendis aut eaque facere quis. Iure voluptas repudiandae reprehenderit sed. Placeat sint sunt odio consectetur nisi dolores dolorem.', '1995-11-05 21:55:10');


INSERT INTO `photos` (`id`, `album_id`, `media_id`) VALUES ('1', '1', '1');
INSERT INTO `photos` (`id`, `album_id`, `media_id`) VALUES ('2', '2', '2');
INSERT INTO `photos` (`id`, `album_id`, `media_id`) VALUES ('3', '3', '3');
INSERT INTO `photos` (`id`, `album_id`, `media_id`) VALUES ('4', '4', '4');
INSERT INTO `photos` (`id`, `album_id`, `media_id`) VALUES ('5', '5', '5');
INSERT INTO `photos` (`id`, `album_id`, `media_id`) VALUES ('6', '6', '6');
INSERT INTO `photos` (`id`, `album_id`, `media_id`) VALUES ('7', '7', '7');
INSERT INTO `photos` (`id`, `album_id`, `media_id`) VALUES ('8', '8', '8');
INSERT INTO `photos` (`id`, `album_id`, `media_id`) VALUES ('9', '9', '9');
INSERT INTO `photos` (`id`, `album_id`, `media_id`) VALUES ('10', '10', '10');
INSERT INTO `photos` (`id`, `album_id`, `media_id`) VALUES ('11', '11', '11');
INSERT INTO `photos` (`id`, `album_id`, `media_id`) VALUES ('12', '12', '12');
INSERT INTO `photos` (`id`, `album_id`, `media_id`) VALUES ('13', '13', '13');
INSERT INTO `photos` (`id`, `album_id`, `media_id`) VALUES ('14', '14', '14');
INSERT INTO `photos` (`id`, `album_id`, `media_id`) VALUES ('15', '15', '15');
INSERT INTO `photos` (`id`, `album_id`, `media_id`) VALUES ('16', '16', '16');
INSERT INTO `photos` (`id`, `album_id`, `media_id`) VALUES ('17', '17', '17');
INSERT INTO `photos` (`id`, `album_id`, `media_id`) VALUES ('18', '18', '18');
INSERT INTO `photos` (`id`, `album_id`, `media_id`) VALUES ('19', '19', '19');
INSERT INTO `photos` (`id`, `album_id`, `media_id`) VALUES ('20', '20', '20');
INSERT INTO `photos` (`id`, `album_id`, `media_id`) VALUES ('21', '21', '21');
INSERT INTO `photos` (`id`, `album_id`, `media_id`) VALUES ('22', '22', '22');
INSERT INTO `photos` (`id`, `album_id`, `media_id`) VALUES ('23', '23', '23');
INSERT INTO `photos` (`id`, `album_id`, `media_id`) VALUES ('24', '24', '24');
INSERT INTO `photos` (`id`, `album_id`, `media_id`) VALUES ('25', '25', '25');
INSERT INTO `photos` (`id`, `album_id`, `media_id`) VALUES ('26', '26', '26');
INSERT INTO `photos` (`id`, `album_id`, `media_id`) VALUES ('27', '27', '27');
INSERT INTO `photos` (`id`, `album_id`, `media_id`) VALUES ('28', '28', '28');
INSERT INTO `photos` (`id`, `album_id`, `media_id`) VALUES ('29', '29', '29');
INSERT INTO `photos` (`id`, `album_id`, `media_id`) VALUES ('30', '30', '30');
INSERT INTO `photos` (`id`, `album_id`, `media_id`) VALUES ('31', '31', '31');
INSERT INTO `photos` (`id`, `album_id`, `media_id`) VALUES ('32', '32', '32');
INSERT INTO `photos` (`id`, `album_id`, `media_id`) VALUES ('33', '33', '33');
INSERT INTO `photos` (`id`, `album_id`, `media_id`) VALUES ('34', '34', '34');
INSERT INTO `photos` (`id`, `album_id`, `media_id`) VALUES ('35', '35', '35');
INSERT INTO `photos` (`id`, `album_id`, `media_id`) VALUES ('36', '36', '36');
INSERT INTO `photos` (`id`, `album_id`, `media_id`) VALUES ('37', '37', '37');
INSERT INTO `photos` (`id`, `album_id`, `media_id`) VALUES ('38', '38', '38');
INSERT INTO `photos` (`id`, `album_id`, `media_id`) VALUES ('39', '39', '39');
INSERT INTO `photos` (`id`, `album_id`, `media_id`) VALUES ('40', '40', '40');
INSERT INTO `photos` (`id`, `album_id`, `media_id`) VALUES ('41', '41', '41');
INSERT INTO `photos` (`id`, `album_id`, `media_id`) VALUES ('42', '42', '42');
INSERT INTO `photos` (`id`, `album_id`, `media_id`) VALUES ('43', '43', '43');
INSERT INTO `photos` (`id`, `album_id`, `media_id`) VALUES ('44', '44', '44');
INSERT INTO `photos` (`id`, `album_id`, `media_id`) VALUES ('45', '45', '45');
INSERT INTO `photos` (`id`, `album_id`, `media_id`) VALUES ('46', '46', '46');
INSERT INTO `photos` (`id`, `album_id`, `media_id`) VALUES ('47', '47', '47');
INSERT INTO `photos` (`id`, `album_id`, `media_id`) VALUES ('48', '48', '48');
INSERT INTO `photos` (`id`, `album_id`, `media_id`) VALUES ('49', '49', '49');
INSERT INTO `photos` (`id`, `album_id`, `media_id`) VALUES ('50', '50', '50');
INSERT INTO `photos` (`id`, `album_id`, `media_id`) VALUES ('51', '51', '51');
INSERT INTO `photos` (`id`, `album_id`, `media_id`) VALUES ('52', '52', '52');
INSERT INTO `photos` (`id`, `album_id`, `media_id`) VALUES ('53', '53', '53');
INSERT INTO `photos` (`id`, `album_id`, `media_id`) VALUES ('54', '54', '54');
INSERT INTO `photos` (`id`, `album_id`, `media_id`) VALUES ('55', '55', '55');
INSERT INTO `photos` (`id`, `album_id`, `media_id`) VALUES ('56', '56', '56');
INSERT INTO `photos` (`id`, `album_id`, `media_id`) VALUES ('57', '57', '57');
INSERT INTO `photos` (`id`, `album_id`, `media_id`) VALUES ('58', '58', '58');
INSERT INTO `photos` (`id`, `album_id`, `media_id`) VALUES ('59', '59', '59');
INSERT INTO `photos` (`id`, `album_id`, `media_id`) VALUES ('60', '60', '60');
INSERT INTO `photos` (`id`, `album_id`, `media_id`) VALUES ('61', '61', '61');
INSERT INTO `photos` (`id`, `album_id`, `media_id`) VALUES ('62', '62', '62');
INSERT INTO `photos` (`id`, `album_id`, `media_id`) VALUES ('63', '63', '63');
INSERT INTO `photos` (`id`, `album_id`, `media_id`) VALUES ('64', '64', '64');
INSERT INTO `photos` (`id`, `album_id`, `media_id`) VALUES ('65', '65', '65');
INSERT INTO `photos` (`id`, `album_id`, `media_id`) VALUES ('66', '66', '66');
INSERT INTO `photos` (`id`, `album_id`, `media_id`) VALUES ('67', '67', '67');
INSERT INTO `photos` (`id`, `album_id`, `media_id`) VALUES ('68', '68', '68');
INSERT INTO `photos` (`id`, `album_id`, `media_id`) VALUES ('69', '69', '69');
INSERT INTO `photos` (`id`, `album_id`, `media_id`) VALUES ('70', '70', '70');
INSERT INTO `photos` (`id`, `album_id`, `media_id`) VALUES ('71', '71', '71');
INSERT INTO `photos` (`id`, `album_id`, `media_id`) VALUES ('72', '72', '72');
INSERT INTO `photos` (`id`, `album_id`, `media_id`) VALUES ('73', '73', '73');
INSERT INTO `photos` (`id`, `album_id`, `media_id`) VALUES ('74', '74', '74');
INSERT INTO `photos` (`id`, `album_id`, `media_id`) VALUES ('75', '75', '75');
INSERT INTO `photos` (`id`, `album_id`, `media_id`) VALUES ('76', '76', '76');
INSERT INTO `photos` (`id`, `album_id`, `media_id`) VALUES ('77', '77', '77');
INSERT INTO `photos` (`id`, `album_id`, `media_id`) VALUES ('78', '78', '78');
INSERT INTO `photos` (`id`, `album_id`, `media_id`) VALUES ('79', '79', '79');
INSERT INTO `photos` (`id`, `album_id`, `media_id`) VALUES ('80', '80', '80');
INSERT INTO `photos` (`id`, `album_id`, `media_id`) VALUES ('81', '81', '81');
INSERT INTO `photos` (`id`, `album_id`, `media_id`) VALUES ('82', '82', '82');
INSERT INTO `photos` (`id`, `album_id`, `media_id`) VALUES ('83', '83', '83');
INSERT INTO `photos` (`id`, `album_id`, `media_id`) VALUES ('84', '84', '84');
INSERT INTO `photos` (`id`, `album_id`, `media_id`) VALUES ('85', '85', '85');
INSERT INTO `photos` (`id`, `album_id`, `media_id`) VALUES ('86', '86', '86');
INSERT INTO `photos` (`id`, `album_id`, `media_id`) VALUES ('87', '87', '87');
INSERT INTO `photos` (`id`, `album_id`, `media_id`) VALUES ('88', '88', '88');
INSERT INTO `photos` (`id`, `album_id`, `media_id`) VALUES ('89', '89', '89');
INSERT INTO `photos` (`id`, `album_id`, `media_id`) VALUES ('90', '90', '90');
INSERT INTO `photos` (`id`, `album_id`, `media_id`) VALUES ('91', '91', '91');
INSERT INTO `photos` (`id`, `album_id`, `media_id`) VALUES ('92', '92', '92');
INSERT INTO `photos` (`id`, `album_id`, `media_id`) VALUES ('93', '93', '93');
INSERT INTO `photos` (`id`, `album_id`, `media_id`) VALUES ('94', '94', '94');
INSERT INTO `photos` (`id`, `album_id`, `media_id`) VALUES ('95', '95', '95');
INSERT INTO `photos` (`id`, `album_id`, `media_id`) VALUES ('96', '96', '96');
INSERT INTO `photos` (`id`, `album_id`, `media_id`) VALUES ('97', '97', '97');
INSERT INTO `photos` (`id`, `album_id`, `media_id`) VALUES ('98', '98', '98');
INSERT INTO `photos` (`id`, `album_id`, `media_id`) VALUES ('99', '99', '99');
INSERT INTO `photos` (`id`, `album_id`, `media_id`) VALUES ('100', '100', '100');





